smiles,Dataset,True_pIC50,mean_abs_error,rmse
C#CCNC[C@@H](O)C(Cc1ccccc1)NC(=O)c1cc2c3c(c1)c(CC)cn3CCS(=O)(=O)N2C,0%,7.1366773,0.6538384200000003,0.7223972982223384
C#CCNC[C@@H](O)C(Cc1ccccc1)NC(=O)c1cc2c3c(c1)c(CC)cn3CCS(=O)(=O)N2C,33%,7.1366773,0.86063378,0.8840497032554188
C#CCNC[C@@H](O)C(Cc1ccccc1)NC(=O)c1cc2c3c(c1)c(CC)cn3CCS(=O)(=O)N2C,67%,7.1366773,0.7599073400000005,0.8191696593812388
C#Cc1cccc([C@@]2(c3ccc(OC(F)F)cc3)N=C(N)N(C)C2=O)c1,0%,6.5850267,0.8948851399999997,0.8989665279330358
C#Cc1cccc([C@@]2(c3ccc(OC(F)F)cc3)N=C(N)N(C)C2=O)c1,33%,6.5850267,0.5291096999999997,0.5453785761422295
C#Cc1cccc([C@@]2(c3ccc(OC(F)F)cc3)N=C(N)N(C)C2=O)c1,67%,6.5850267,0.30615762000000013,0.39322183522189863
C/C=C(\C)c1cccc(C2(NCC(O)C(Cc3cc(F)cc(F)c3)NC(C)=O)CCCCC2)c1,0%,6.4202166,0.29871887999999985,0.41499369712722606
C/C=C(\C)c1cccc(C2(NCC(O)C(Cc3cc(F)cc(F)c3)NC(C)=O)CCCCC2)c1,33%,6.4202166,0.3805820400000002,0.457516560842215
C/C=C(\C)c1cccc(C2(NCC(O)C(Cc3cc(F)cc(F)c3)NC(C)=O)CCCCC2)c1,67%,6.4202166,0.11866306000000008,0.1263274593097558
C=C(C)c1cccc(C2(NCC(O)C(Cc3cc(F)cc(F)c3)NC(C)=O)CCCCC2)c1,0%,7.0,0.8960250200000001,0.9372314006207636
C=C(C)c1cccc(C2(NCC(O)C(Cc3cc(F)cc(F)c3)NC(C)=O)CCCCC2)c1,33%,7.0,0.40625535999999995,0.5031848206393988
C=C(C)c1cccc(C2(NCC(O)C(Cc3cc(F)cc(F)c3)NC(C)=O)CCCCC2)c1,67%,7.0,0.6119969999999999,0.6288970436653363
CC#Cc1cc([C@@]2(c3ccc(OC(F)F)cc3)N=C(N)N(C)C2=O)ccc1F,0%,7.387216,0.8065498000000003,0.8193900105994707
CC#Cc1cc([C@@]2(c3ccc(OC(F)F)cc3)N=C(N)N(C)C2=O)ccc1F,33%,7.387216,0.2565845400000004,0.3526516284970226
CC#Cc1cc([C@@]2(c3ccc(OC(F)F)cc3)N=C(N)N(C)C2=O)ccc1F,67%,7.387216,0.19478708000000022,0.25766984741995724
CC#Cc1cccc([C@@]2(c3ccc(OC(F)F)cc3)N=C(N)N(C)C2=O)c1,0%,7.69897,0.4121523400000001,0.46859809515076994
CC#Cc1cccc([C@@]2(c3ccc(OC(F)F)cc3)N=C(N)N(C)C2=O)c1,33%,7.69897,0.32277542,0.3521533547018884
CC#Cc1cccc([C@@]2(c3ccc(OC(F)F)cc3)N=C(N)N(C)C2=O)c1,67%,7.69897,0.47308900000000004,0.49135651379081574
CC(=O)N(c1ccccc1)c1cccc(C(=O)NC(Cc2ccccc2)C(O)CNC(C)C(=O)NC2CCCCC2)c1,0%,5.8860564,0.35116618000000005,0.48495619458371103
CC(=O)N(c1ccccc1)c1cccc(C(=O)NC(Cc2ccccc2)C(O)CNC(C)C(=O)NC2CCCCC2)c1,33%,5.8860564,0.5182245999999999,0.5675173687757477
CC(=O)N(c1ccccc1)c1cccc(C(=O)NC(Cc2ccccc2)C(O)CNC(C)C(=O)NC2CCCCC2)c1,67%,5.8860564,0.3583927799999998,0.4811106909756236
CC(=O)NC(Cc1cc(F)cc(F)c1)C(O)CNC1(c2cc(Br)cc(C(C)(C)C)c2)CCCCC1,0%,6.759451,0.2355754399999997,0.2960642977060757
CC(=O)NC(Cc1cc(F)cc(F)c1)C(O)CNC1(c2cc(Br)cc(C(C)(C)C)c2)CCCCC1,33%,6.759451,0.3689674,0.42051159317650666
CC(=O)NC(Cc1cc(F)cc(F)c1)C(O)CNC1(c2cc(Br)cc(C(C)(C)C)c2)CCCCC1,67%,6.759451,0.3846453800000001,0.4612436502285122
CC(=O)NC(Cc1cc(F)cc(F)c1)C(O)CNC1(c2cc(C(C)=O)cc(C(C)(C)C)c2)CCCCC1,0%,6.79588,0.45374483999999987,0.5312048397624292
CC(=O)NC(Cc1cc(F)cc(F)c1)C(O)CNC1(c2cc(C(C)=O)cc(C(C)(C)C)c2)CCCCC1,33%,6.79588,0.31037786,0.3730989811412115
CC(=O)NC(Cc1cc(F)cc(F)c1)C(O)CNC1(c2cc(C(C)=O)cc(C(C)(C)C)c2)CCCCC1,67%,6.79588,0.39613206000000056,0.454536224075189
CC(=O)NC(Cc1cc(F)cc(F)c1)C(O)CNC1(c2cc(C)cc(C(C)(C)C)c2)CCCCC1,0%,6.7447276,0.40759120000000004,0.49493706613858285
CC(=O)NC(Cc1cc(F)cc(F)c1)C(O)CNC1(c2cc(C)cc(C(C)(C)C)c2)CCCCC1,33%,6.7447276,0.22076589999999996,0.3009433130145709
CC(=O)NC(Cc1cc(F)cc(F)c1)C(O)CNC1(c2cc(C)cc(C(C)(C)C)c2)CCCCC1,67%,6.7447276,0.3757116999999999,0.45590785708976106
CC(=O)NC(Cc1cc(F)cc(F)c1)C(O)CNC1(c2cc(F)cc(C(C)(C)C)c2)CCCCC1,0%,7.337242,1.0114261799999997,1.0664279368259861
CC(=O)NC(Cc1cc(F)cc(F)c1)C(O)CNC1(c2cc(F)cc(C(C)(C)C)c2)CCCCC1,33%,7.337242,0.9724294799999997,1.0657101929672528
CC(=O)NC(Cc1cc(F)cc(F)c1)C(O)CNC1(c2cc(F)cc(C(C)(C)C)c2)CCCCC1,67%,7.337242,0.9686635599999998,0.9822692073758534
CC(=O)NC(Cc1cc(F)cc(F)c1)C(O)CNC1(c2cc(I)cc(C(C)(C)C)c2)CCCCC1,0%,6.6516953,0.8376973199999999,0.8807117234091072
CC(=O)NC(Cc1cc(F)cc(F)c1)C(O)CNC1(c2cc(I)cc(C(C)(C)C)c2)CCCCC1,33%,6.6516953,0.6929790199999998,0.916282771443965
CC(=O)NC(Cc1cc(F)cc(F)c1)C(O)CNC1(c2cc(I)cc(C(C)(C)C)c2)CCCCC1,67%,6.6516953,0.4226238999999998,0.48399300300348336
CC(=O)NC(Cc1cc(F)cc(F)c1)C(O)CNC1(c2cc(N)cc(C(C)(C)C)c2)CCCCC1,0%,6.497573,0.2744390000000001,0.32466773099942664
CC(=O)NC(Cc1cc(F)cc(F)c1)C(O)CNC1(c2cc(N)cc(C(C)(C)C)c2)CCCCC1,33%,6.497573,0.31205906000000017,0.32127844194367927
CC(=O)NC(Cc1cc(F)cc(F)c1)C(O)CNC1(c2cc(N)cc(C(C)(C)C)c2)CCCCC1,67%,6.497573,0.17646699999999987,0.2667051742108203
CC(=O)NC(Cc1cc(F)cc(F)c1)C(O)CNC1(c2cc(NS(C)(=O)=O)cc(C(C)(C)C)c2)CCCCC1,0%,7.031517,0.20691980000000001,0.24351353143634538
CC(=O)NC(Cc1cc(F)cc(F)c1)C(O)CNC1(c2cc(NS(C)(=O)=O)cc(C(C)(C)C)c2)CCCCC1,33%,7.031517,0.43141653999999985,0.5135280708882873
CC(=O)NC(Cc1cc(F)cc(F)c1)C(O)CNC1(c2cc(NS(C)(=O)=O)cc(C(C)(C)C)c2)CCCCC1,67%,7.031517,0.57370096,0.6366918540923389
CC(=O)NC(Cc1cc(F)cc(F)c1)C(O)CNC1(c2cc(O)cc(C(C)(C)C)c2)CCCCC1,0%,6.7695513,0.31537931999999974,0.40082329845695325
CC(=O)NC(Cc1cc(F)cc(F)c1)C(O)CNC1(c2cc(O)cc(C(C)(C)C)c2)CCCCC1,33%,6.7695513,0.33376367999999984,0.4436862374025995
CC(=O)NC(Cc1cc(F)cc(F)c1)C(O)CNC1(c2cc(O)cc(C(C)(C)C)c2)CCCCC1,67%,6.7695513,0.4298869999999999,0.487598472600725
CC(=O)NC(Cc1cc(F)cc(F)c1)C(O)CNC1(c2ccc(Br)c(C(C)(C)C)c2)CCCCC1,0%,5.161151,1.5147121599999998,1.5304435376824626
CC(=O)NC(Cc1cc(F)cc(F)c1)C(O)CNC1(c2ccc(Br)c(C(C)(C)C)c2)CCCCC1,33%,5.161151,1.4814369199999997,1.530092011186148
CC(=O)NC(Cc1cc(F)cc(F)c1)C(O)CNC1(c2ccc(Br)c(C(C)(C)C)c2)CCCCC1,67%,5.161151,1.05554672,1.0957323996496207
CC(=O)NC(Cc1cc(F)cc(F)c1)C(O)CNC1(c2cccc(-c3ccoc3)c2)CCCCC1,0%,6.920819,1.11541758,1.1381883355744102
CC(=O)NC(Cc1cc(F)cc(F)c1)C(O)CNC1(c2cccc(-c3ccoc3)c2)CCCCC1,33%,6.920819,0.7720759799999998,0.8556107418343236
CC(=O)NC(Cc1cc(F)cc(F)c1)C(O)CNC1(c2cccc(-c3ccoc3)c2)CCCCC1,67%,6.920819,0.8605963199999997,0.8832322746825659
CC(=O)NC(Cc1cc(F)cc(F)c1)C(O)CNC1(c2cccc(-c3ccsc3)c2)CCCCC1,0%,7.3565474,1.05124262,1.0750266477102723
CC(=O)NC(Cc1cc(F)cc(F)c1)C(O)CNC1(c2cccc(-c3ccsc3)c2)CCCCC1,33%,7.3565474,0.8752949600000003,0.9027644182948443
CC(=O)NC(Cc1cc(F)cc(F)c1)C(O)CNC1(c2cccc(-c3ccsc3)c2)CCCCC1,67%,7.3565474,1.2118252200000001,1.232194932268908
CC(=O)NC(Cc1cc(F)cc(F)c1)C(O)CNC1(c2cccc(C#N)c2)CCCCC1,0%,5.207608,0.7328797600000005,0.7759549141957803
CC(=O)NC(Cc1cc(F)cc(F)c1)C(O)CNC1(c2cccc(C#N)c2)CCCCC1,33%,5.207608,1.1839597000000004,1.3062916271710507
CC(=O)NC(Cc1cc(F)cc(F)c1)C(O)CNC1(c2cccc(C#N)c2)CCCCC1,67%,5.207608,1.0394840000000003,1.0854867752355386
CC(=O)NC(Cc1cc(F)cc(F)c1)C(O)CNC1(c2cccc(C(C)(C)C#N)c2)CCCCC1,0%,6.779892,0.8627685200000001,0.9077941419287064
CC(=O)NC(Cc1cc(F)cc(F)c1)C(O)CNC1(c2cccc(C(C)(C)C#N)c2)CCCCC1,33%,6.779892,0.8432473600000003,0.8933608871044337
CC(=O)NC(Cc1cc(F)cc(F)c1)C(O)CNC1(c2cccc(C(C)(C)C#N)c2)CCCCC1,67%,6.779892,0.4636245800000001,0.5319604300079831
CC(=O)NC(Cc1cc(F)cc(F)c1)C(O)CNC1(c2cccc(C(C)(C)C)c2)CCC(C#N)CC1,0%,6.4202166,0.4502734600000002,0.49253140903883297
CC(=O)NC(Cc1cc(F)cc(F)c1)C(O)CNC1(c2cccc(C(C)(C)C)c2)CCC(C#N)CC1,33%,6.4202166,0.49440439999999997,0.6172008213987955
CC(=O)NC(Cc1cc(F)cc(F)c1)C(O)CNC1(c2cccc(C(C)(C)C)c2)CCC(C#N)CC1,67%,6.4202166,0.3018597999999999,0.33117408120417874
CC(=O)NC(Cc1cc(F)cc(F)c1)C(O)CNC1(c2cccc(C(C)(C)C)c2)CCC(C(F)(F)F)CC1,0%,7.481486,0.7073666800000005,0.7107921455913766
CC(=O)NC(Cc1cc(F)cc(F)c1)C(O)CNC1(c2cccc(C(C)(C)C)c2)CCC(C(F)(F)F)CC1,33%,7.481486,0.57897136,0.6097402653444597
CC(=O)NC(Cc1cc(F)cc(F)c1)C(O)CNC1(c2cccc(C(C)(C)C)c2)CCC(C(F)(F)F)CC1,67%,7.481486,1.0851762600000003,1.1064093673624038
CC(=O)NC(Cc1cc(F)cc(F)c1)C(O)CNC1(c2cccc(C(C)(C)C)c2)CCC(C)CC1,0%,7.309804,1.0167894799999997,1.043161818485011
CC(=O)NC(Cc1cc(F)cc(F)c1)C(O)CNC1(c2cccc(C(C)(C)C)c2)CCC(C)CC1,33%,7.309804,0.7612416399999999,0.8198974565537474
CC(=O)NC(Cc1cc(F)cc(F)c1)C(O)CNC1(c2cccc(C(C)(C)C)c2)CCC(C)CC1,67%,7.309804,1.0143181199999995,1.0533137433721689
CC(=O)NC(Cc1cc(F)cc(F)c1)C(O)CNC1(c2cccc(C(C)(C)C)c2)CCC(CCO)CC1,0%,5.0,1.3471259999999998,1.3502589442593727
CC(=O)NC(Cc1cc(F)cc(F)c1)C(O)CNC1(c2cccc(C(C)(C)C)c2)CCC(CCO)CC1,33%,5.0,1.5546433800000001,1.5783829069186484
CC(=O)NC(Cc1cc(F)cc(F)c1)C(O)CNC1(c2cccc(C(C)(C)C)c2)CCC(CCO)CC1,67%,5.0,1.37349428,1.4052933859383783
CC(=O)NC(Cc1cc(F)cc(F)c1)C(O)CNC1(c2cccc(C(C)(C)C)c2)CCC(CO)CC1,0%,7.4202166,1.04501928,1.0550747077282594
CC(=O)NC(Cc1cc(F)cc(F)c1)C(O)CNC1(c2cccc(C(C)(C)C)c2)CCC(CO)CC1,33%,7.4202166,0.8761451799999997,0.920678443172452
CC(=O)NC(Cc1cc(F)cc(F)c1)C(O)CNC1(c2cccc(C(C)(C)C)c2)CCC(CO)CC1,67%,7.4202166,1.0529168399999997,1.0888617571548354
CC(=O)NC(Cc1cc(F)cc(F)c1)C(O)CNC1(c2cccc(C(C)(C)C)c2)CCC(N(O)C(C)=O)CC1,0%,6.6197886,0.16567290000000004,0.19287198696464447
CC(=O)NC(Cc1cc(F)cc(F)c1)C(O)CNC1(c2cccc(C(C)(C)C)c2)CCC(N(O)C(C)=O)CC1,33%,6.6197886,0.20378376000000015,0.24329660512539014
CC(=O)NC(Cc1cc(F)cc(F)c1)C(O)CNC1(c2cccc(C(C)(C)C)c2)CCC(N(O)C(C)=O)CC1,67%,6.6197886,0.20114382000000006,0.27822464061891783
CC(=O)NC(Cc1cc(F)cc(F)c1)C(O)CNC1(c2cccc(C(C)(C)C)c2)CCC(NC=O)CC1,0%,6.6777806,0.08848006000000001,0.13813124789549266
CC(=O)NC(Cc1cc(F)cc(F)c1)C(O)CNC1(c2cccc(C(C)(C)C)c2)CCC(NC=O)CC1,33%,6.6777806,0.2566935599999999,0.32008386390902593
CC(=O)NC(Cc1cc(F)cc(F)c1)C(O)CNC1(c2cccc(C(C)(C)C)c2)CCC(NC=O)CC1,67%,6.6777806,0.2054897200000001,0.347951554318069
CC(=O)NC(Cc1cc(F)cc(F)c1)C(O)CNC1(c2cccc(C(C)(C)C)c2)CCC(NO)CC1,0%,7.7212462,1.2006466800000004,1.2032752052410725
CC(=O)NC(Cc1cc(F)cc(F)c1)C(O)CNC1(c2cccc(C(C)(C)C)c2)CCC(NO)CC1,33%,7.7212462,1.1388852400000005,1.174569864417526
CC(=O)NC(Cc1cc(F)cc(F)c1)C(O)CNC1(c2cccc(C(C)(C)C)c2)CCC(NO)CC1,67%,7.7212462,1.3202116600000005,1.3464152910478102
CC(=O)NC(Cc1cc(F)cc(F)c1)C(O)CNC1(c2cccc(C(C)(C)C)c2)CCC(NS(C)(=O)=O)CC1,0%,6.39794,0.6310337199999998,0.6756975987014752
CC(=O)NC(Cc1cc(F)cc(F)c1)C(O)CNC1(c2cccc(C(C)(C)C)c2)CCC(NS(C)(=O)=O)CC1,33%,6.39794,0.36866886,0.4157847232511195
CC(=O)NC(Cc1cc(F)cc(F)c1)C(O)CNC1(c2cccc(C(C)(C)C)c2)CCC(NS(C)(=O)=O)CC1,67%,6.39794,0.19476606000000007,0.22108034074955202
CC(=O)NC(Cc1cc(F)cc(F)c1)C(O)CNC1(c2cccc(C(C)(C)C)c2)CCC(O)CC1,0%,7.6197886,1.1970832599999996,1.2007385711315386
CC(=O)NC(Cc1cc(F)cc(F)c1)C(O)CNC1(c2cccc(C(C)(C)C)c2)CCC(O)CC1,33%,7.6197886,1.0455853999999998,1.0812579127714252
CC(=O)NC(Cc1cc(F)cc(F)c1)C(O)CNC1(c2cccc(C(C)(C)C)c2)CCC(O)CC1,67%,7.6197886,1.2565338199999996,1.2853350973229638
CC(=O)NC(Cc1cc(F)cc(F)c1)C(O)CNC1(c2cccc(C(C)(C)C)c2)CCC(S(C)(=O)=O)CC1,0%,6.6777806,0.4590425399999999,0.5248525026134886
CC(=O)NC(Cc1cc(F)cc(F)c1)C(O)CNC1(c2cccc(C(C)(C)C)c2)CCC(S(C)(=O)=O)CC1,33%,6.6777806,0.2307983199999999,0.2761512043007452
CC(=O)NC(Cc1cc(F)cc(F)c1)C(O)CNC1(c2cccc(C(C)(C)C)c2)CCC(S(C)(=O)=O)CC1,67%,6.6777806,0.16978042000000002,0.24605287920912874
CC(=O)NC(Cc1cc(F)cc(F)c1)C(O)CNC1(c2cccc(C(C)(C)CO)c2)CCCCC1,0%,6.5850267,0.26546160000000024,0.2890152261862203
CC(=O)NC(Cc1cc(F)cc(F)c1)C(O)CNC1(c2cccc(C(C)(C)CO)c2)CCCCC1,33%,6.5850267,0.23342302000000004,0.28179029093822605
CC(=O)NC(Cc1cc(F)cc(F)c1)C(O)CNC1(c2cccc(C(C)(C)CO)c2)CCCCC1,67%,6.5850267,0.2628705199999999,0.3343758405614676
CC(=O)NC(Cc1cc(F)cc(F)c1)C(O)CNC1(c2cccc(C(C)C)c2)CCCCC1,0%,7.3279023,0.8920253999999999,0.9647496163481671
CC(=O)NC(Cc1cc(F)cc(F)c1)C(O)CNC1(c2cccc(C(C)C)c2)CCCCC1,33%,7.3279023,0.6429933599999998,0.7641711717468435
CC(=O)NC(Cc1cc(F)cc(F)c1)C(O)CNC1(c2cccc(C(C)C)c2)CCCCC1,67%,7.3279023,0.8470842199999999,0.8631218664952371
CC(=O)NC(Cc1cc(F)cc(F)c1)C(O)CNC1(c2cccc(CC(C)(C)C)c2)CCCCC1,0%,5.6777806,0.7666360399999996,0.7792057220627012
CC(=O)NC(Cc1cc(F)cc(F)c1)C(O)CNC1(c2cccc(CC(C)(C)C)c2)CCCCC1,33%,5.6777806,1.1733583199999997,1.2031504763079819
CC(=O)NC(Cc1cc(F)cc(F)c1)C(O)CNC1(c2cccc(CC(C)(C)C)c2)CCCCC1,67%,5.6777806,0.7892998199999998,0.8046411033571387
CC(=O)NC(Cc1cc(F)cc(F)c1)C(O)CNC1(c2cccc(CC(C)C)c2)CCCCC1,0%,6.091515,0.23768169999999972,0.26582663393279815
CC(=O)NC(Cc1cc(F)cc(F)c1)C(O)CNC1(c2cccc(CC(C)C)c2)CCCCC1,33%,6.091515,0.6605430799999998,0.7439931352099937
CC(=O)NC(Cc1cc(F)cc(F)c1)C(O)CNC1(c2cccc(CC(C)C)c2)CCCCC1,67%,6.091515,0.33575109999999986,0.4022044149764171
CC(=O)NC(Cc1cc(F)cc(F)c1)C(O)CNC1(c2cccc(I)c2)CCCCC1,0%,6.337242,0.2959938600000001,0.36856086918604647
CC(=O)NC(Cc1cc(F)cc(F)c1)C(O)CNC1(c2cccc(I)c2)CCCCC1,33%,6.337242,0.5418775800000001,0.735941936873497
CC(=O)NC(Cc1cc(F)cc(F)c1)C(O)CNC1(c2cccc(I)c2)CCCCC1,67%,6.337242,0.2235645,0.2944063904473713
CC(=O)NC(Cc1cc(F)cc(F)c1)C(O)CNC1(c2cccc(N(C)C)c2)CCCCC1,0%,6.387216,0.6211589399999996,0.6504222015636839
CC(=O)NC(Cc1cc(F)cc(F)c1)C(O)CNC1(c2cccc(N(C)C)c2)CCCCC1,33%,6.387216,0.2541965199999998,0.31305516709362874
CC(=O)NC(Cc1cc(F)cc(F)c1)C(O)CNC1(c2cccc(N(C)C)c2)CCCCC1,67%,6.387216,0.24473903999999963,0.2746594570497507
CC(=O)NC(Cc1cc(F)cc(F)c1)C(O)CNC1(c2cccc(S(C)(=O)=O)c2)CCCCC1,0%,6.1426673,0.9598624600000003,1.0071764735506477
CC(=O)NC(Cc1cc(F)cc(F)c1)C(O)CNC1(c2cccc(S(C)(=O)=O)c2)CCCCC1,33%,6.1426673,0.5607664600000003,0.5984085497307057
CC(=O)NC(Cc1cc(F)cc(F)c1)C(O)CNC1(c2cccc(S(C)(=O)=O)c2)CCCCC1,67%,6.1426673,0.4311051400000002,0.506559275515802
CC(=O)NC(Cc1cc(F)cc(F)c1)C(O)CNC1(c2ccccc2)CCCCC1,0%,5.0,0.2891124199999998,0.3197089982253266
CC(=O)NC(Cc1cc(F)cc(F)c1)C(O)CNC1(c2ccccc2)CCCCC1,33%,5.0,0.9515624599999999,1.0087254699776533
CC(=O)NC(Cc1cc(F)cc(F)c1)C(O)CNC1(c2ccccc2)CCCCC1,67%,5.0,0.9099172000000001,0.9441722820884862
CC(=O)NC1CCC(NCC(O)C(Cc2cc(F)cc(F)c2)NC(C)=O)(c2cccc(C(C)(C)C)c2)CC1,0%,6.455932,0.12349882000000001,0.16529696057737409
CC(=O)NC1CCC(NCC(O)C(Cc2cc(F)cc(F)c2)NC(C)=O)(c2cccc(C(C)(C)C)c2)CC1,33%,6.455932,0.18268388000000027,0.26455381986131316
CC(=O)NC1CCC(NCC(O)C(Cc2cc(F)cc(F)c2)NC(C)=O)(c2cccc(C(C)(C)C)c2)CC1,67%,6.455932,0.18744614000000012,0.30181341541507717
CC(=O)N[C@@H](Cc1cc(F)cc(F)c1)[C@H](O)CNC1(c2cccc(C(C)(C)C)c2)CCCCC1,0%,7.3279023,0.4869321599999997,0.5777842488783506
CC(=O)N[C@@H](Cc1cc(F)cc(F)c1)[C@H](O)CNC1(c2cccc(C(C)(C)C)c2)CCCCC1,33%,7.3279023,0.6009965799999998,0.6241129001503636
CC(=O)N[C@@H](Cc1cc(F)cc(F)c1)[C@H](O)CNC1(c2cccc(C(C)(C)C)c2)CCCCC1,67%,7.3279023,0.8320998799999998,0.8373867402395405
CC(C)(C)c1cccc([C@@]2(c3ccccc3)N=C(N)N3CCCN=C32)c1,0%,4.519993,1.94111264,2.022860807210684
CC(C)(C)c1cccc([C@@]2(c3ccccc3)N=C(N)N3CCCN=C32)c1,33%,4.519993,1.9614546999999996,2.022509620689118
CC(C)(C)c1cccc([C@@]2(c3ccccc3)N=C(N)N3CCCN=C32)c1,67%,4.519993,1.8476948399999997,1.9039960464600618
CC(C)C#Cc1cccc([C@@]2(c3ccc(OC(F)F)cc3)N=C(N)N(C)C2=O)c1,0%,7.69897,0.3268920000000001,0.40491299675380166
CC(C)C#Cc1cccc([C@@]2(c3ccc(OC(F)F)cc3)N=C(N)N(C)C2=O)c1,33%,7.69897,1.0377068800000002,1.0810761841309375
CC(C)C#Cc1cccc([C@@]2(c3ccc(OC(F)F)cc3)N=C(N)N(C)C2=O)c1,67%,7.69897,0.86689722,0.9048781599933342
CC(C)c1cccc(CNCC(O)C2Cc3cccc(c3)OCCCCNc3cc(cc(N4C=COC4)c3)C(=O)N2)c1,0%,7.7212462,0.5216700800000004,0.5365870069979559
CC(C)c1cccc(CNCC(O)C2Cc3cccc(c3)OCCCCNc3cc(cc(N4C=COC4)c3)C(=O)N2)c1,33%,7.7212462,0.4011728600000005,0.4677022515135612
CC(C)c1cccc(CNCC(O)C2Cc3cccc(c3)OCCCCNc3cc(cc(N4C=COC4)c3)C(=O)N2)c1,67%,7.7212462,0.5023008000000002,0.5303251452575864
CC(NC(=O)c1cc(SCCC(N)(CO)Cc2ccccc2)cc(N(C)S(C)(=O)=O)c1)c1ccc(F)cc1,0%,4.0,0.80060418,0.834758841476441
CC(NC(=O)c1cc(SCCC(N)(CO)Cc2ccccc2)cc(N(C)S(C)(=O)=O)c1)c1ccc(F)cc1,33%,4.0,0.9206398400000001,0.9268933330536046
CC(NC(=O)c1cc(SCCC(N)(CO)Cc2ccccc2)cc(N(C)S(C)(=O)=O)c1)c1ccc(F)cc1,67%,4.0,0.90899534,0.948768617883586
CC(NCC(O)C(Cc1ccccc1)NC(=O)c1cccc(N(c2cc(Cl)cc(Cl)c2)S(C)(=O)=O)c1)C(=O)NC1CCCCC1,0%,7.958607,0.8117952599999999,0.8236005977983368
CC(NCC(O)C(Cc1ccccc1)NC(=O)c1cccc(N(c2cc(Cl)cc(Cl)c2)S(C)(=O)=O)c1)C(=O)NC1CCCCC1,33%,7.958607,1.0622024199999998,1.1353019031067506
CC(NCC(O)C(Cc1ccccc1)NC(=O)c1cccc(N(c2cc(Cl)cc(Cl)c2)S(C)(=O)=O)c1)C(=O)NC1CCCCC1,67%,7.958607,1.3911895199999997,1.398906211828534
CC(NCC(O)C(Cc1ccccc1)NC(=O)c1cccc(N(c2ccc(C#N)cc2)S(C)(=O)=O)c1)C(=O)NC1CCCCC1,0%,6.7212462,0.4620989199999997,0.49752312613749294
CC(NCC(O)C(Cc1ccccc1)NC(=O)c1cccc(N(c2ccc(C#N)cc2)S(C)(=O)=O)c1)C(=O)NC1CCCCC1,33%,6.7212462,0.21232579999999998,0.26309574074443687
CC(NCC(O)C(Cc1ccccc1)NC(=O)c1cccc(N(c2ccc(C#N)cc2)S(C)(=O)=O)c1)C(=O)NC1CCCCC1,67%,6.7212462,0.35465859999999994,0.38696305204924136
CC(NCC(O)C(Cc1ccccc1)NC(=O)c1cccc(N(c2ccc(C(F)(F)F)cc2)S(C)(=O)=O)c1)C(=O)NC1CCCCC1,0%,7.69897,0.5926088600000001,0.6381585167002147
CC(NCC(O)C(Cc1ccccc1)NC(=O)c1cccc(N(c2ccc(C(F)(F)F)cc2)S(C)(=O)=O)c1)C(=O)NC1CCCCC1,33%,7.69897,0.8078868800000001,0.8610145850405275
CC(NCC(O)C(Cc1ccccc1)NC(=O)c1cccc(N(c2ccc(C(F)(F)F)cc2)S(C)(=O)=O)c1)C(=O)NC1CCCCC1,67%,7.69897,0.7489582800000001,0.797792368037361
CC(NCC(O)C(Cc1ccccc1)NC(=O)c1cccc(N(c2ccc(Cl)cc2)S(C)(=O)=O)c1)C(=O)NC1CCCCC1,0%,8.0,0.83638732,0.8509110596769159
CC(NCC(O)C(Cc1ccccc1)NC(=O)c1cccc(N(c2ccc(Cl)cc2)S(C)(=O)=O)c1)C(=O)NC1CCCCC1,33%,8.0,1.32440786,1.3777807885131808
CC(NCC(O)C(Cc1ccccc1)NC(=O)c1cccc(N(c2ccc(Cl)cc2)S(C)(=O)=O)c1)C(=O)NC1CCCCC1,67%,8.0,1.3342316200000002,1.3537382978011379
CC(NCC(O)C(Cc1ccccc1)NC(=O)c1cccc(N(c2cccc(C#N)c2)S(C)(=O)=O)c1)C(=O)NC1CCCCC1,0%,8.09691,0.9318257799999993,0.9514178994584076
CC(NCC(O)C(Cc1ccccc1)NC(=O)c1cccc(N(c2cccc(C#N)c2)S(C)(=O)=O)c1)C(=O)NC1CCCCC1,33%,8.09691,1.2079681799999993,1.2325227828114027
CC(NCC(O)C(Cc1ccccc1)NC(=O)c1cccc(N(c2cccc(C#N)c2)S(C)(=O)=O)c1)C(=O)NC1CCCCC1,67%,8.09691,1.2429612199999993,1.2930231006776594
CC(NCC(O)C(Cc1ccccc1)NC(=O)c1cccc(N(c2ccccc2C#N)S(C)(=O)=O)c1)C(=O)NC1CCCCC1,0%,6.5086384,0.42067064000000054,0.4612948880195276
CC(NCC(O)C(Cc1ccccc1)NC(=O)c1cccc(N(c2ccccc2C#N)S(C)(=O)=O)c1)C(=O)NC1CCCCC1,33%,6.5086384,0.25812196000000026,0.3082956825395454
CC(NCC(O)C(Cc1ccccc1)NC(=O)c1cccc(N(c2ccccc2C#N)S(C)(=O)=O)c1)C(=O)NC1CCCCC1,67%,6.5086384,0.20941003999999985,0.28819144751332937
CC(NCC(O)C(Cc1ccccc1)NC(=O)c1cccc(NS(=O)(=O)Cc2ccccc2)c1)C(=O)NC1CCCCC1,0%,5.2596374,0.2699148599999999,0.3145603790089685
CC(NCC(O)C(Cc1ccccc1)NC(=O)c1cccc(NS(=O)(=O)Cc2ccccc2)c1)C(=O)NC1CCCCC1,33%,5.2596374,0.17522407999999992,0.23291221367799497
CC(NCC(O)C(Cc1ccccc1)NC(=O)c1cccc(NS(=O)(=O)Cc2ccccc2)c1)C(=O)NC1CCCCC1,67%,5.2596374,0.36977037999999973,0.44394752696670564
CC(NCC(O)C(Cc1ccccc1)NC(=O)c1cccc(Nc2ccccc2)c1)C(=O)NC1CCCCC1,0%,5.2006593,0.17724421999999987,0.24016828274479105
CC(NCC(O)C(Cc1ccccc1)NC(=O)c1cccc(Nc2ccccc2)c1)C(=O)NC1CCCCC1,33%,5.2006593,0.38291492000000016,0.4543281995895303
CC(NCC(O)C(Cc1ccccc1)NC(=O)c1cccc(Nc2ccccc2)c1)C(=O)NC1CCCCC1,67%,5.2006593,0.6579660200000002,0.7312753868022703
CCC#Cc1cccc([C@@]2(c3ccc(OC(F)F)cc3)N=C(N)N(C)C2=O)c1,0%,7.39794,0.59420514,0.6672128343369438
CCC#Cc1cccc([C@@]2(c3ccc(OC(F)F)cc3)N=C(N)N(C)C2=O)c1,33%,7.39794,0.3945833,0.44365760885129657
CCC#Cc1cccc([C@@]2(c3ccc(OC(F)F)cc3)N=C(N)N(C)C2=O)c1,67%,7.39794,0.32322352000000015,0.4053692047416381
CCC(=O)c1cc(C2(c3cccc(-c4cccnc4F)c3)N=C(N)N(C)C2=O)cs1,0%,8.0,0.8152678800000001,0.9468632563221322
CCC(=O)c1cc(C2(c3cccc(-c4cccnc4F)c3)N=C(N)N(C)C2=O)cs1,33%,8.0,1.2245871999999998,1.2980109790868626
CCC(=O)c1cc(C2(c3cccc(-c4cccnc4F)c3)N=C(N)N(C)C2=O)cs1,67%,8.0,1.29024396,1.3538138678451879
CCC(C)(C)c1cccc(C2(NCC(O)C(Cc3cc(F)cc(F)c3)NC(C)=O)CCCCC2)c1,0%,6.8860564,0.4281730400000002,0.5571067653470494
CCC(C)(C)c1cccc(C2(NCC(O)C(Cc3cc(F)cc(F)c3)NC(C)=O)CCCCC2)c1,33%,6.8860564,0.4196292800000002,0.5018246880804612
CCC(C)(C)c1cccc(C2(NCC(O)C(Cc3cc(F)cc(F)c3)NC(C)=O)CCCCC2)c1,67%,6.8860564,0.45967704000000004,0.5449179814751023
CCC(C)C1(NC(C)=O)CCN(C(CCc2ccccc2)C(=O)NC(Cc2cc(F)cc(F)c2)C(O)C2CC(N)CN2)C1=O,0%,7.468521,0.6410193000000002,0.6885441218475765
CCC(C)C1(NC(C)=O)CCN(C(CCc2ccccc2)C(=O)NC(Cc2cc(F)cc(F)c2)C(O)C2CC(N)CN2)C1=O,33%,7.468521,0.5603232800000001,0.6310886740949454
CCC(C)C1(NC(C)=O)CCN(C(CCc2ccccc2)C(=O)NC(Cc2cc(F)cc(F)c2)C(O)C2CC(N)CN2)C1=O,67%,7.468521,0.6011173600000003,0.6208560239353311
CCC(C)C1(NC(C)=O)CCN(C(CCc2ccccc2)C(=O)NC(Cc2cc(F)cc(F)c2)C(O)C2CC(O)CN2)C1=O,0%,9.05061,0.8922651400000007,0.9324333923939506
CCC(C)C1(NC(C)=O)CCN(C(CCc2ccccc2)C(=O)NC(Cc2cc(F)cc(F)c2)C(O)C2CC(O)CN2)C1=O,33%,9.05061,0.9437122000000008,0.9964042939888414
CCC(C)C1(NC(C)=O)CCN(C(CCc2ccccc2)C(=O)NC(Cc2cc(F)cc(F)c2)C(O)C2CC(O)CN2)C1=O,67%,9.05061,0.9242298000000009,0.9350846342554249
CCC(C)C1(NC(C)=O)CCN(C(CCc2ccccc2)C(=O)NC(Cc2cc(F)cc(F)c2)C(O)CNCc2cccc(OC)c2)C1=O,0%,8.21467,0.25721447999999986,0.32540900296130704
CCC(C)C1(NC(C)=O)CCN(C(CCc2ccccc2)C(=O)NC(Cc2cc(F)cc(F)c2)C(O)CNCc2cccc(OC)c2)C1=O,33%,8.21467,0.25252549999999996,0.3365786236394847
CCC(C)C1(NC(C)=O)CCN(C(CCc2ccccc2)C(=O)NC(Cc2cc(F)cc(F)c2)C(O)CNCc2cccc(OC)c2)C1=O,67%,8.21467,0.22425067999999992,0.29969366333867
CCCC#Cc1cc([C@@]2(c3ccc(OC(F)F)c(C)c3)N=C(N)N(C)C2=O)ccc1F,0%,7.5228786,0.5682980999999993,0.5842366075238431
CCCC#Cc1cc([C@@]2(c3ccc(OC(F)F)c(C)c3)N=C(N)N(C)C2=O)ccc1F,33%,7.5228786,0.10420717999999987,0.14893194741254812
CCCC#Cc1cc([C@@]2(c3ccc(OC(F)F)c(C)c3)N=C(N)N(C)C2=O)ccc1F,67%,7.5228786,0.2573630600000003,0.3228286811986353
CCCC#Cc1cccc([C@@]2(c3ccc(OC(F)F)cc3)N=C(N)N(C)C2=O)c1,0%,7.5228786,0.5080383399999995,0.5546221097589793
CCCC#Cc1cccc([C@@]2(c3ccc(OC(F)F)cc3)N=C(N)N(C)C2=O)c1,33%,7.5228786,0.38442662,0.43721538294590007
CCCC#Cc1cccc([C@@]2(c3ccc(OC(F)F)cc3)N=C(N)N(C)C2=O)c1,67%,7.5228786,0.42775174000000027,0.46963801483693185
CCCC(O)C1CCN(C(CCc2ccccc2)C(=O)NC(Cc2cc(F)cc(F)c2)C(O)C2CC(O)CN2)C1=O,0%,7.79588,0.44992056000000014,0.5104863824131926
CCCC(O)C1CCN(C(CCc2ccccc2)C(=O)NC(Cc2cc(F)cc(F)c2)C(O)C2CC(O)CN2)C1=O,33%,7.79588,0.4433572000000002,0.50308165437551
CCCC(O)C1CCN(C(CCc2ccccc2)C(=O)NC(Cc2cc(F)cc(F)c2)C(O)C2CC(O)CN2)C1=O,67%,7.79588,0.5058303200000003,0.5744860491772733
CCCC(O)C1CCN(C(CCc2ccccc2)C(=O)NC(Cc2cc(F)cc(F)c2)C(O)CNCc2cccc(OC)c2)C1=O,0%,8.283997,0.9314135199999993,0.943932364298084
CCCC(O)C1CCN(C(CCc2ccccc2)C(=O)NC(Cc2cc(F)cc(F)c2)C(O)CNCc2cccc(OC)c2)C1=O,33%,8.283997,0.8344314399999995,0.8947521762696413
CCCC(O)C1CCN(C(CCc2ccccc2)C(=O)NC(Cc2cc(F)cc(F)c2)C(O)CNCc2cccc(OC)c2)C1=O,67%,8.283997,1.1227584799999992,1.1416922186605416
CCCCC1CCN(C(CCc2ccccc2)C(=O)NC(Cc2cc(F)cc(F)c2)C(O)C2CC(O)CN2)C1=O,0%,7.60206,0.4693801799999999,0.5333640699473801
CCCCC1CCN(C(CCc2ccccc2)C(=O)NC(Cc2cc(F)cc(F)c2)C(O)C2CC(O)CN2)C1=O,33%,7.60206,0.4169015599999998,0.47495359939912846
CCCCC1CCN(C(CCc2ccccc2)C(=O)NC(Cc2cc(F)cc(F)c2)C(O)C2CC(O)CN2)C1=O,67%,7.60206,0.5543584399999999,0.6194240845425045
CCCCC1CCN(C(CCc2ccccc2)C(=O)NC(Cc2cc(F)cc(F)c2)C(O)C2CC(OCCC)CN2)C1=O,0%,7.7212462,0.54895684,0.6114581911252969
CCCCC1CCN(C(CCc2ccccc2)C(=O)NC(Cc2cc(F)cc(F)c2)C(O)C2CC(OCCC)CN2)C1=O,33%,7.7212462,0.5183305600000001,0.6080871832342236
CCCCC1CCN(C(CCc2ccccc2)C(=O)NC(Cc2cc(F)cc(F)c2)C(O)C2CC(OCCC)CN2)C1=O,67%,7.7212462,0.5910257600000005,0.6531922110108881
CCCCC1CCN(C(CCc2ccccc2)C(=O)NC(Cc2cc(F)cc(F)c2)C(O)CNCc2cccc(OC)c2)C1=O,0%,7.4202166,0.2726266399999998,0.3366254329704812
CCCCC1CCN(C(CCc2ccccc2)C(=O)NC(Cc2cc(F)cc(F)c2)C(O)CNCc2cccc(OC)c2)C1=O,33%,7.4202166,0.28144029999999987,0.32246250563251205
CCCCC1CCN(C(CCc2ccccc2)C(=O)NC(Cc2cc(F)cc(F)c2)C(O)CNCc2cccc(OC)c2)C1=O,67%,7.4202166,0.4845919999999998,0.5640696132657349
CCCCCN(C)C(=O)n1cc(C(=O)NC(Cc2cc(F)cc(F)c2)C(O)CNCc2cccc(OC)c2)c2cccnc21,0%,7.49485,0.9202764799999997,0.9827679305137766
CCCCCN(C)C(=O)n1cc(C(=O)NC(Cc2cc(F)cc(F)c2)C(O)CNCc2cccc(OC)c2)c2cccnc21,33%,7.49485,0.6882896799999996,0.7607671912375713
CCCCCN(C)C(=O)n1cc(C(=O)NC(Cc2cc(F)cc(F)c2)C(O)CNCc2cccc(OC)c2)c2cccnc21,67%,7.49485,1.0577179399999994,1.1535261584516239
CCCCCc1cccc([C@@]2(c3ccc(OC(F)F)cc3)N=C(N)N(C)C2=O)c1,0%,7.0457573,0.7618447800000002,0.789652548763223
CCCCCc1cccc([C@@]2(c3ccc(OC(F)F)cc3)N=C(N)N(C)C2=O)c1,33%,7.0457573,0.22409099999999976,0.24250635682219945
CCCCCc1cccc([C@@]2(c3ccc(OC(F)F)cc3)N=C(N)N(C)C2=O)c1,67%,7.0457573,0.23942818,0.28610904546474936
CCCCN(C)C(=O)n1cc(C(=O)NC(Cc2cc(F)cc(F)c2)C(O)CNCc2cccc(CC)c2)c2cccnc21,0%,8.065501,1.3284725999999993,1.379494757760418
CCCCN(C)C(=O)n1cc(C(=O)NC(Cc2cc(F)cc(F)c2)C(O)CNCc2cccc(CC)c2)c2cccnc21,33%,8.065501,1.1806351599999991,1.2253638886160088
CCCCN(C)C(=O)n1cc(C(=O)NC(Cc2cc(F)cc(F)c2)C(O)CNCc2cccc(CC)c2)c2cccnc21,67%,8.065501,1.4978949599999993,1.5701239148236108
CCCCN(C)C(=O)n1cc(C(=O)NC(Cc2cc(F)cc(F)c2)C(O)CNCc2cccc(OC)c2)c2cccnc21,0%,7.481486,0.9151208400000002,0.9800792374581497
CCCCN(C)C(=O)n1cc(C(=O)NC(Cc2cc(F)cc(F)c2)C(O)CNCc2cccc(OC)c2)c2cccnc21,33%,7.481486,0.6926675600000005,0.7674676814329349
CCCCN(C)C(=O)n1cc(C(=O)NC(Cc2cc(F)cc(F)c2)C(O)CNCc2cccc(OC)c2)c2cccnc21,67%,7.481486,1.0326198000000004,1.135397336885792
CCCCN(C)C(=O)n1cc(C(=O)NC(Cc2ccccc2)C(O)CNCc2cccc(Br)c2)c2cccnc21,0%,7.6382723,1.5107355599999996,1.5418493332976262
CCCCN(C)C(=O)n1cc(C(=O)NC(Cc2ccccc2)C(O)CNCc2cccc(Br)c2)c2cccnc21,33%,7.6382723,1.7217473799999994,1.8673342344678856
CCCCN(C)C(=O)n1cc(C(=O)NC(Cc2ccccc2)C(O)CNCc2cccc(Br)c2)c2cccnc21,67%,7.6382723,1.5817233199999996,1.6742326175835396
CCCCN(C)C(=O)n1cc(C(=O)NC(Cc2ccccc2)C(O)CNCc2ccccc2OC)c2cccnc21,0%,5.1870866,0.4500302600000003,0.5241139206234331
CCCCN(C)C(=O)n1cc(C(=O)NC(Cc2ccccc2)C(O)CNCc2ccccc2OC)c2cccnc21,33%,5.1870866,0.7410330800000002,0.8614619168652159
CCCCN(C)C(=O)n1cc(C(=O)NC(Cc2ccccc2)C(O)CNCc2ccccc2OC)c2cccnc21,67%,5.1870866,0.7880539800000002,0.9314976184391209
CCCCOc1ccc(C2(C34CC5CC(CC(C5)C3)C4)N=C(N)N(C)C2=O)cc1,0%,6.0604806,0.5740678199999998,0.6969344119033768
CCCCOc1ccc(C2(C34CC5CC(CC(C5)C3)C4)N=C(N)N(C)C2=O)cc1,33%,6.0604806,0.3209118199999999,0.3362316007733151
CCCCOc1ccc(C2(C34CC5CC(CC(C5)C3)C4)N=C(N)N(C)C2=O)cc1,67%,6.0604806,0.2652700599999999,0.2755329675023408
CCCCc1cccc([C@@]2(c3ccc(OC(F)F)cc3)N=C(N)N(C)C2=O)c1,0%,7.5228786,0.32053425999999996,0.37712431107748284
CCCCc1cccc([C@@]2(c3ccc(OC(F)F)cc3)N=C(N)N(C)C2=O)c1,33%,7.5228786,0.28822386000000044,0.3344223805290404
CCCCc1cccc([C@@]2(c3ccc(OC(F)F)cc3)N=C(N)N(C)C2=O)c1,67%,7.5228786,0.7152326600000002,0.7373165792640678
CCCO/N=C(/C)c1cc(C(=O)NC(Cc2cc(F)cc(F)c2)[C@@H](O)CNCc2cccc(OC)c2)cc(N2CCCCS2(=O)=O)c1,0%,7.60206,0.2887743399999998,0.3240032853632967
CCCO/N=C(/C)c1cc(C(=O)NC(Cc2cc(F)cc(F)c2)[C@@H](O)CNCc2cccc(OC)c2)cc(N2CCCCS2(=O)=O)c1,33%,7.60206,0.3559546799999998,0.38204358228835067
CCCO/N=C(/C)c1cc(C(=O)NC(Cc2cc(F)cc(F)c2)[C@@H](O)CNCc2cccc(OC)c2)cc(N2CCCCS2(=O)=O)c1,67%,7.60206,0.46215005999999975,0.5934854237037147
CCCOC1CNC(C(O)C(Cc2cc(F)cc(F)c2)NC(=O)C(CCc2ccccc2)N2CCC(C(C)C)C2=O)C1,0%,7.6777806,0.5377120799999998,0.5711406237831835
CCCOC1CNC(C(O)C(Cc2cc(F)cc(F)c2)NC(=O)C(CCc2ccccc2)N2CCC(C(C)C)C2=O)C1,33%,7.6777806,0.45660377999999985,0.5586440617891091
CCCOC1CNC(C(O)C(Cc2cc(F)cc(F)c2)NC(=O)C(CCc2ccccc2)N2CCC(C(C)C)C2=O)C1,67%,7.6777806,0.4910720000000001,0.5572908478590908
CCCOC1CNC(C(O)C(Cc2cc(F)cc(F)c2)NC(=O)C(CCc2ccccc2)N2CCC(C(O)CCC)C2=O)C1,0%,8.327902,0.92390428,0.9787302103926843
CCCOC1CNC(C(O)C(Cc2cc(F)cc(F)c2)NC(=O)C(CCc2ccccc2)N2CCC(C(O)CCC)C2=O)C1,33%,8.327902,0.8499002600000001,0.9628346718147797
CCCOC1CNC(C(O)C(Cc2cc(F)cc(F)c2)NC(=O)C(CCc2ccccc2)N2CCC(C(O)CCC)C2=O)C1,67%,8.327902,0.9618577,0.9955481848329523
CCCOC1CNC(C(O)C(Cc2cc(F)cc(F)c2)NC(=O)C(CCc2ccccc2)N2CCC(CC(C)C)C2=O)C1,0%,8.244125,0.6041648400000004,0.6682352417829133
CCCOC1CNC(C(O)C(Cc2cc(F)cc(F)c2)NC(=O)C(CCc2ccccc2)N2CCC(CC(C)C)C2=O)C1,33%,8.244125,0.6561107800000002,0.7214692201240649
CCCOC1CNC(C(O)C(Cc2cc(F)cc(F)c2)NC(=O)C(CCc2ccccc2)N2CCC(CC(C)C)C2=O)C1,67%,8.244125,0.9387369800000002,1.0117243200959511
CCCOC1CNC(C(O)C(Cc2cc(F)cc(F)c2)NC(=O)C(CCc2ccccc2)N2CCC(COC)C2=O)C1,0%,7.6382723,0.5591791999999997,0.6231421282425219
CCCOC1CNC(C(O)C(Cc2cc(F)cc(F)c2)NC(=O)C(CCc2ccccc2)N2CCC(COC)C2=O)C1,33%,7.6382723,0.52094922,0.5812209588013477
CCCOC1CNC(C(O)C(Cc2cc(F)cc(F)c2)NC(=O)C(CCc2ccccc2)N2CCC(COC)C2=O)C1,67%,7.6382723,0.4877020399999997,0.5358892943154805
CCCOC1CNC(C(O)C(Cc2cc(F)cc(F)c2)NC(=O)C(CCc2ccccc2)N2CCC(NC(C)=O)(C(C)CC)C2=O)C1,0%,8.585027,0.4083354000000002,0.4838156242861534
CCCOC1CNC(C(O)C(Cc2cc(F)cc(F)c2)NC(=O)C(CCc2ccccc2)N2CCC(NC(C)=O)(C(C)CC)C2=O)C1,33%,8.585027,0.4364047000000001,0.5485423378278562
CCCOC1CNC(C(O)C(Cc2cc(F)cc(F)c2)NC(=O)C(CCc2ccccc2)N2CCC(NC(C)=O)(C(C)CC)C2=O)C1,67%,8.585027,0.3788696999999999,0.414887497731674
CCCc1cccc(C2(c3ccc(OC(F)(F)F)cc3)N=C(N)N3CCCN=C32)c1,0%,5.844664,1.52798122,1.5743309621341663
CCCc1cccc(C2(c3ccc(OC(F)(F)F)cc3)N=C(N)N3CCCN=C32)c1,33%,5.844664,1.2331531,1.2636795069095843
CCCc1cccc(C2(c3ccc(OC(F)(F)F)cc3)N=C(N)N3CCCN=C32)c1,67%,5.844664,1.1032063600000002,1.1613864665710671
CCCc1cccc([C@@]2(c3ccc(OC(F)F)cc3)N=C(N)N(C)C2=O)c1,0%,7.0457573,0.8395947600000001,0.8807989196335972
CCCc1cccc([C@@]2(c3ccc(OC(F)F)cc3)N=C(N)N(C)C2=O)c1,33%,7.0457573,0.27761852000000004,0.3015280049218647
CCCc1cccc([C@@]2(c3ccc(OC(F)F)cc3)N=C(N)N(C)C2=O)c1,67%,7.0457573,0.1958028200000001,0.2581716142768102
CCNCC(O)C(Cc1ccccc1)NC(=O)c1cc2c3c(c1)c(CC)cn3CCS(=O)(=O)N2C,0%,7.318759,0.41340434000000015,0.5093983440772637
CCNCC(O)C(Cc1ccccc1)NC(=O)c1cc2c3c(c1)c(CC)cn3CCS(=O)(=O)N2C,33%,7.318759,0.5841325400000004,0.6811173286898541
CCNCC(O)C(Cc1ccccc1)NC(=O)c1cc2c3c(c1)c(CC)cn3CCS(=O)(=O)N2C,67%,7.318759,0.4255050599999999,0.490428579599719
CCNc1cc(C(=O)NC(Cc2ccccc2)C(O)CNC2CC2)cc(N2CCCCS2(=O)=O)c1,0%,6.920819,0.19955439999999988,0.24155921262083946
CCNc1cc(C(=O)NC(Cc2ccccc2)C(O)CNC2CC2)cc(N2CCCCS2(=O)=O)c1,33%,6.920819,0.20333255999999994,0.2261328770977984
CCNc1cc(C(=O)NC(Cc2ccccc2)C(O)CNC2CC2)cc(N2CCCCS2(=O)=O)c1,67%,6.920819,0.3020056600000002,0.34193446243490894
CCNc1cc(C(=O)NC(Cc2ccccc2)C(O)CNCc2cccc(C(F)(F)F)c2)cc(N2CCCCS2(=O)=O)c1C,0%,7.6382723,0.22159461999999994,0.28344753460075456
CCNc1cc(C(=O)NC(Cc2ccccc2)C(O)CNCc2cccc(C(F)(F)F)c2)cc(N2CCCCS2(=O)=O)c1C,33%,7.6382723,0.26628697999999995,0.28915135337327064
CCNc1cc(C(=O)NC(Cc2ccccc2)C(O)CNCc2cccc(C(F)(F)F)c2)cc(N2CCCCS2(=O)=O)c1C,67%,7.6382723,0.3292156999999996,0.38689384589894654
CCNc1cc(C(=O)NC(Cc2ccccc2)C(O)CNCc2cccc(C(F)(F)F)c2)cc(N2CCCCS2(=O)=O)c1OC,0%,7.7447276,0.21060147999999987,0.21888688336485568
CCNc1cc(C(=O)NC(Cc2ccccc2)C(O)CNCc2cccc(C(F)(F)F)c2)cc(N2CCCCS2(=O)=O)c1OC,33%,7.7447276,0.22978918000000004,0.30843904761941204
CCNc1cc(C(=O)NC(Cc2ccccc2)C(O)CNCc2cccc(C(F)(F)F)c2)cc(N2CCCCS2(=O)=O)c1OC,67%,7.7447276,0.50947856,0.5313811680133611
CCOC[C@H]1CCCCN1C(=O)n1cc(C(=O)N[C@@H](Cc2cc(F)cc(F)c2)[C@H](O)CNCc2cccc(OC)c2)c2cccnc21,0%,7.5850267,0.45866821999999985,0.537379705333439
CCOC[C@H]1CCCCN1C(=O)n1cc(C(=O)N[C@@H](Cc2cc(F)cc(F)c2)[C@H](O)CNCc2cccc(OC)c2)c2cccnc21,33%,7.5850267,0.44463211999999996,0.53376316656213
CCOC[C@H]1CCCCN1C(=O)n1cc(C(=O)N[C@@H](Cc2cc(F)cc(F)c2)[C@H](O)CNCc2cccc(OC)c2)c2cccnc21,67%,7.5850267,0.35512684000000017,0.3836776904816856
CCOc1ccc(C2(C34CC5CC(CC(C5)C3)C4)N=C(N)N(C)C2=O)cc1,0%,6.481486,0.28221273999999996,0.2943375678564629
CCOc1ccc(C2(C34CC5CC(CC(C5)C3)C4)N=C(N)N(C)C2=O)cc1,33%,6.481486,0.3829814600000002,0.44678099832917056
CCOc1ccc(C2(C34CC5CC(CC(C5)C3)C4)N=C(N)N(C)C2=O)cc1,67%,6.481486,0.4148115800000001,0.5065384112725096
CC[C@@H](C)Cc1cccc([C@@]2(c3ccc(OC(F)F)cc3)N=C(N)N(C)C2=O)c1,0%,6.958607,0.9012553999999999,0.9571874192254095
CC[C@@H](C)Cc1cccc([C@@]2(c3ccc(OC(F)F)cc3)N=C(N)N(C)C2=O)c1,33%,6.958607,0.56391832,0.5760629046846846
CC[C@@H](C)Cc1cccc([C@@]2(c3ccc(OC(F)F)cc3)N=C(N)N(C)C2=O)c1,67%,6.958607,0.24583660000000015,0.3032275799491201
CCc1cc(C2(C34CC5CC(CC(C5)C3)C4)N=C(N)N(C)C2=O)ccc1OC,0%,6.552842,0.40582776000000004,0.48722641038034054
CCc1cc(C2(C34CC5CC(CC(C5)C3)C4)N=C(N)N(C)C2=O)ccc1OC,33%,6.552842,0.25629402,0.29579329693714485
CCc1cc(C2(C34CC5CC(CC(C5)C3)C4)N=C(N)N(C)C2=O)ccc1OC,67%,6.552842,0.24721040000000016,0.28095458036914095
CCc1cccc(C2(NCC(O)C(Cc3cc(F)cc(F)c3)NC(C)=O)CCCCC2)c1,0%,6.161151,0.29894017999999994,0.3507124531735906
CCc1cccc(C2(NCC(O)C(Cc3cc(F)cc(F)c3)NC(C)=O)CCCCC2)c1,33%,6.161151,0.4606987799999997,0.6087493125083013
CCc1cccc(C2(NCC(O)C(Cc3cc(F)cc(F)c3)NC(C)=O)CCCCC2)c1,67%,6.161151,0.34935815999999986,0.37973514022863347
CCc1cccc([C@@]2(c3ccc(OC(F)F)cc3)N=C(N)N(C)C2=O)c1,0%,6.0457573,1.8156561400000002,1.8412116620650665
CCc1cccc([C@@]2(c3ccc(OC(F)F)cc3)N=C(N)N(C)C2=O)c1,33%,6.0457573,1.1478086800000002,1.183501790355746
CCc1cccc([C@@]2(c3ccc(OC(F)F)cc3)N=C(N)N(C)C2=O)c1,67%,6.0457573,0.8447343800000002,0.8580915319177497
CCc1cn2c3c(cc(C(=O)NC(Cc4ccccc4)C(O)CNC(C)(C)CCCC(C)C)cc13)N(C)S(=O)(=O)CC2,0%,8.30103,0.5067253800000004,0.5699151440595827
CCc1cn2c3c(cc(C(=O)NC(Cc4ccccc4)C(O)CNC(C)(C)CCCC(C)C)cc13)N(C)S(=O)(=O)CC2,33%,8.30103,0.4895494400000004,0.5396575605253655
CCc1cn2c3c(cc(C(=O)NC(Cc4ccccc4)C(O)CNC(C)(C)CCCC(C)C)cc13)N(C)S(=O)(=O)CC2,67%,8.30103,0.6967157600000011,0.7880891677029633
CCc1cn2c3c(cc(C(=O)NC(Cc4ccccc4)C(O)CNC)cc13)N(C)S(=O)(=O)CC2,0%,7.823909,0.26049320000000015,0.3049932688365433
CCc1cn2c3c(cc(C(=O)NC(Cc4ccccc4)C(O)CNC)cc13)N(C)S(=O)(=O)CC2,33%,7.823909,0.3243807199999999,0.3597562975292026
CCc1cn2c3c(cc(C(=O)NC(Cc4ccccc4)C(O)CNC)cc13)N(C)S(=O)(=O)CC2,67%,7.823909,0.20403334000000015,0.2610962074473277
CCc1cn2c3c(cc(C(=O)NC(Cc4ccccc4)C(O)CNC4CC4)cc13)N(C)S(=O)(=O)CC2,0%,7.69897,0.22495112000000023,0.2550902563489169
CCc1cn2c3c(cc(C(=O)NC(Cc4ccccc4)C(O)CNC4CC4)cc13)N(C)S(=O)(=O)CC2,33%,7.69897,0.36945456000000015,0.4129065990636431
CCc1cn2c3c(cc(C(=O)NC(Cc4ccccc4)C(O)CNC4CC4)cc13)N(C)S(=O)(=O)CC2,67%,7.69897,0.15741314000000006,0.18919754544541528
CCc1cn2c3c(cc(C(=O)NC(Cc4ccccc4)C(O)CNC4CC4)cc13)N(CC)S(=O)(=O)CC2,0%,7.69897,0.21812903999999983,0.2525303151994784
CCc1cn2c3c(cc(C(=O)NC(Cc4ccccc4)C(O)CNC4CC4)cc13)N(CC)S(=O)(=O)CC2,33%,7.69897,0.32404234000000026,0.4387439209781694
CCc1cn2c3c(cc(C(=O)NC(Cc4ccccc4)C(O)CNC4CC4)cc13)N(CC)S(=O)(=O)CC2,67%,7.69897,0.15578265999999985,0.18072987270709265
CCc1cn2c3c(cc(C(=O)NC(Cc4ccccc4)C(O)CNCCC(F)(F)F)cc13)N(C)S(=O)(=O)CC2,0%,8.1549015,0.33582863999999957,0.35313593502226254
CCc1cn2c3c(cc(C(=O)NC(Cc4ccccc4)C(O)CNCCC(F)(F)F)cc13)N(C)S(=O)(=O)CC2,33%,8.1549015,0.39759485999999955,0.465740318915807
CCc1cn2c3c(cc(C(=O)NC(Cc4ccccc4)C(O)CNCCC(F)(F)F)cc13)N(C)S(=O)(=O)CC2,67%,8.1549015,0.36031795999999955,0.4574713429374125
CCc1cn2c3c(cc(C(=O)NC(Cc4ccccc4)[C@H](O)CNCCF)cc13)N(C)S(=O)(=O)CC2,0%,7.30103,0.7289267200000005,0.7647341244269285
CCc1cn2c3c(cc(C(=O)NC(Cc4ccccc4)[C@H](O)CNCCF)cc13)N(C)S(=O)(=O)CC2,33%,7.30103,0.7470706999999999,0.7732557717352556
CCc1cn2c3c(cc(C(=O)NC(Cc4ccccc4)[C@H](O)CNCCF)cc13)N(C)S(=O)(=O)CC2,67%,7.30103,0.6231672000000004,0.7296197693865459
CCc1cn2c3c(cc(C(=O)N[C@@H](Cc4ccccc4)[C@H](O)CNC(C)CC)cc13)N(C)S(=O)(=O)CC2,0%,7.6575775,0.6033008199999996,0.6412327583024136
CCc1cn2c3c(cc(C(=O)N[C@@H](Cc4ccccc4)[C@H](O)CNC(C)CC)cc13)N(C)S(=O)(=O)CC2,33%,7.6575775,0.59416856,0.6713603556431135
CCc1cn2c3c(cc(C(=O)N[C@@H](Cc4ccccc4)[C@H](O)CNC(C)CC)cc13)N(C)S(=O)(=O)CC2,67%,7.6575775,0.5829150799999999,0.6536241690413473
CN(C(=O)CCCn1c(N)nc2cc(Cl)ccc21)C1CCCCC1,0%,4.5850267,0.6933682400000001,0.7789457881338702
CN(C(=O)CCCn1c(N)nc2cc(Cl)ccc21)C1CCCCC1,33%,4.5850267,0.5484138800000004,0.6286297011754188
CN(C(=O)CCCn1c(N)nc2cc(Cl)ccc21)C1CCCCC1,67%,4.5850267,0.8500686600000001,0.9680312081260265
CN(Cc1cccc(F)c1)C(=O)CCCn1c(N)nc2cc(Cl)ccc21,0%,3.7121983,0.2915787200000001,0.3548933753484391
CN(Cc1cccc(F)c1)C(=O)CCCn1c(N)nc2cc(Cl)ccc21,33%,3.7121983,0.50235724,0.6074684177195323
CN(Cc1cccc(F)c1)C(=O)CCCn1c(N)nc2cc(Cl)ccc21,67%,3.7121983,0.3578410999999998,0.4708361649500917
CN1C(=O)C(c2ccc(OC(F)(F)F)cc2)(C23CC4CC(CC(C4)C2)C3)N=C1N,0%,6.3279023,0.25979042,0.36750086923067543
CN1C(=O)C(c2ccc(OC(F)(F)F)cc2)(C23CC4CC(CC(C4)C2)C3)N=C1N,33%,6.3279023,0.22075222000000014,0.26668484692739114
CN1C(=O)C(c2ccc(OC(F)(F)F)cc2)(C23CC4CC(CC(C4)C2)C3)N=C1N,67%,6.3279023,0.30970744000000006,0.3350040581723869
CN1C(=O)C(c2ccccc2)(c2ccc(Cl)cc2)N=C1N,0%,5.6478176,1.3033269200000004,1.3230695357449647
CN1C(=O)C(c2ccccc2)(c2ccc(Cl)cc2)N=C1N,33%,5.6478176,0.4527289800000004,0.5089892185268705
CN1C(=O)C(c2ccccc2)(c2ccc(Cl)cc2)N=C1N,67%,5.6478176,0.6888150400000003,0.7684052318233527
CN1C(=O)C(c2ccccc2)(c2cccc(Cl)c2)N=C1N,0%,5.60206,1.25025596,1.2747402223621267
CN1C(=O)C(c2ccccc2)(c2cccc(Cl)c2)N=C1N,33%,5.60206,0.5280580600000002,0.5707289247477213
CN1C(=O)C(c2ccccc2)(c2cccc(Cl)c2)N=C1N,67%,5.60206,0.7320936800000002,0.8218417004952914
CN1C(=O)C(c2ccccc2)(c2ccccc2)N=C1N,0%,5.468521,0.70308916,0.7294586231433994
CN1C(=O)C(c2ccccc2)(c2ccccc2)N=C1N,33%,5.468521,0.4164885600000002,0.43553748019409316
CN1C(=O)C(c2ccccc2)(c2ccccc2)N=C1N,67%,5.468521,0.5349698,0.580499417608893
CN1C(=O)C(c2ccsc2)(c2ccc(F)c(-c3cccnc3)c2)N=C1N,0%,7.0457573,0.23817831999999992,0.2941074555023315
CN1C(=O)C(c2ccsc2)(c2ccc(F)c(-c3cccnc3)c2)N=C1N,33%,7.0457573,0.2056082400000001,0.23044162742370145
CN1C(=O)C(c2ccsc2)(c2ccc(F)c(-c3cccnc3)c2)N=C1N,67%,7.0457573,0.25454136,0.2787116320905176
CN1C(=O)C(c2ccsc2)(c2ccc(F)c(-c3cccnc3F)c2)N=C1N,0%,7.5228786,0.2694521000000002,0.2977429632394527
CN1C(=O)C(c2ccsc2)(c2ccc(F)c(-c3cccnc3F)c2)N=C1N,33%,7.5228786,0.55459188,0.587248789945025
CN1C(=O)C(c2ccsc2)(c2ccc(F)c(-c3cccnc3F)c2)N=C1N,67%,7.5228786,0.6427512200000004,0.6702176905825649
CN1C(=O)C(c2ccsc2)(c2cccc(-c3cccnc3F)c2)N=C1N,0%,7.39794,0.16737616000000005,0.18665824435659953
CN1C(=O)C(c2ccsc2)(c2cccc(-c3cccnc3F)c2)N=C1N,33%,7.39794,0.4791229200000002,0.5042033672884904
CN1C(=O)C(c2ccsc2)(c2cccc(-c3cccnc3F)c2)N=C1N,67%,7.39794,0.6291268400000002,0.6425663000333897
CN1C(=O)C2(CC(C)(C)Oc3ccc(-c4ccsn4)cc32)N=C1N,0%,6.3001623,0.3488107399999997,0.4208392031333175
CN1C(=O)C2(CC(C)(C)Oc3ccc(-c4ccsn4)cc32)N=C1N,33%,6.3001623,0.34278951999999985,0.4410515543588073
CN1C(=O)C2(CC(C)(C)Oc3ccc(-c4ccsn4)cc32)N=C1N,67%,6.3001623,0.30891715999999986,0.3405551567274409
CN1C(=O)C2(CC(C)(C)Sc3ccc(-c4cncnc4)cc32)N=C1N,0%,7.318759,0.33422114,0.3759554214549353
CN1C(=O)C2(CC(C)(C)Sc3ccc(-c4cncnc4)cc32)N=C1N,33%,7.318759,0.3751941800000001,0.4400150814318187
CN1C(=O)C2(CC(C)(C)Sc3ccc(-c4cncnc4)cc32)N=C1N,67%,7.318759,0.2620368599999999,0.47255627311375537
CN1C(=O)CC(C)(c2cccc(NC(=O)c3ccc(Cl)cn3)c2)N=C1N,0%,7.823909,0.7503768199999996,0.7824493731627558
CN1C(=O)CC(C)(c2cccc(NC(=O)c3ccc(Cl)cn3)c2)N=C1N,33%,7.823909,0.9498767799999994,1.0021538693623655
CN1C(=O)CC(C)(c2cccc(NC(=O)c3ccc(Cl)cn3)c2)N=C1N,67%,7.823909,1.2482982999999996,1.2859940354272585
CN1C(=O)[C@@](c2ccc(OC(F)F)cc2)(c2ccc(F)c(C#CCCCF)c2)N=C1N,0%,7.853872,0.21785859999999974,0.2617797668827671
CN1C(=O)[C@@](c2ccc(OC(F)F)cc2)(c2ccc(F)c(C#CCCCF)c2)N=C1N,33%,7.853872,0.4580077799999998,0.5363001820835583
CN1C(=O)[C@@](c2ccc(OC(F)F)cc2)(c2ccc(F)c(C#CCCCF)c2)N=C1N,67%,7.853872,0.71719636,0.7279324251904074
CN1C(=O)[C@@](c2ccc(OC(F)F)cc2)(c2ccc(F)c(OCC(F)F)c2)N=C1N,0%,7.154902,0.35179794000000014,0.3901172399459912
CN1C(=O)[C@@](c2ccc(OC(F)F)cc2)(c2ccc(F)c(OCC(F)F)c2)N=C1N,33%,7.154902,0.24208571999999987,0.2656979571911609
CN1C(=O)[C@@](c2ccc(OC(F)F)cc2)(c2ccc(F)c(OCC(F)F)c2)N=C1N,67%,7.154902,0.2988328599999999,0.3263399246240305
CN1C(=O)[C@@](c2ccc(OC(F)F)cc2)(c2ccc(F)c(OCCC=C(F)F)c2)N=C1N,0%,7.5228786,0.1652245600000004,0.21087334607255645
CN1C(=O)[C@@](c2ccc(OC(F)F)cc2)(c2ccc(F)c(OCCC=C(F)F)c2)N=C1N,33%,7.5228786,0.6623463000000003,0.6723032344790901
CN1C(=O)[C@@](c2ccc(OC(F)F)cc2)(c2ccc(F)c(OCCC=C(F)F)c2)N=C1N,67%,7.5228786,0.7067610800000003,0.719578431507485
CN1C(=O)[C@@](c2ccc(OC(F)F)cc2)(c2ccc(F)c(OCCCCF)c2)N=C1N,0%,7.0,0.5159254799999999,0.5541788877864439
CN1C(=O)[C@@](c2ccc(OC(F)F)cc2)(c2ccc(F)c(OCCCCF)c2)N=C1N,33%,7.0,0.13928723999999998,0.1843191165626181
CN1C(=O)[C@@](c2ccc(OC(F)F)cc2)(c2ccc(F)c(OCCCCF)c2)N=C1N,67%,7.0,0.15683068000000003,0.18149760173355456
CN1C(=O)[C@@](c2ccc(OC(F)F)cc2)(c2ccc(F)c(OCCCF)c2)N=C1N,0%,8.0,0.47431132,0.5097062590733412
CN1C(=O)[C@@](c2ccc(OC(F)F)cc2)(c2ccc(F)c(OCCCF)c2)N=C1N,33%,8.0,0.9370694799999999,0.9497080904303111
CN1C(=O)[C@@](c2ccc(OC(F)F)cc2)(c2ccc(F)c(OCCCF)c2)N=C1N,67%,8.0,1.14380522,1.151142264873708
CN1C(=O)[C@@](c2ccc(OC(F)F)cc2)(c2ccc(F)c(OCCF)c2)N=C1N,0%,6.920819,0.5789854600000002,0.6000668023844263
CN1C(=O)[C@@](c2ccc(OC(F)F)cc2)(c2ccc(F)c(OCCF)c2)N=C1N,33%,6.920819,0.12532862000000017,0.13910761501658375
CN1C(=O)[C@@](c2ccc(OC(F)F)cc2)(c2ccc(F)c(OCCF)c2)N=C1N,67%,6.920819,0.13216370000000008,0.16150764205273385
CN1C(=O)[C@@](c2ccc(OC(F)F)cc2)(c2cccc(/C=C/CC(F)F)c2)N=C1N,0%,7.5228786,0.2453555000000005,0.25980855136039355
CN1C(=O)[C@@](c2ccc(OC(F)F)cc2)(c2cccc(/C=C/CC(F)F)c2)N=C1N,33%,7.5228786,0.5954959200000001,0.6402085229669597
CN1C(=O)[C@@](c2ccc(OC(F)F)cc2)(c2cccc(/C=C/CC(F)F)c2)N=C1N,67%,7.5228786,0.8659579000000001,0.8747454211652451
CN1C(=O)[C@@](c2ccc(OC(F)F)cc2)(c2cccc(/C=C/CCCO)c2)N=C1N,0%,7.39794,0.15785762000000006,0.18464786276205314
CN1C(=O)[C@@](c2ccc(OC(F)F)cc2)(c2cccc(/C=C/CCCO)c2)N=C1N,33%,7.39794,0.2851721000000003,0.33938319202319106
CN1C(=O)[C@@](c2ccc(OC(F)F)cc2)(c2cccc(/C=C/CCCO)c2)N=C1N,67%,7.39794,0.6777972000000002,0.6876049037978018
CN1C(=O)[C@@](c2ccc(OC(F)F)cc2)(c2cccc(/C=C/CCF)c2)N=C1N,0%,7.39794,0.12319287999999987,0.1364522202048468
CN1C(=O)[C@@](c2ccc(OC(F)F)cc2)(c2cccc(/C=C/CCF)c2)N=C1N,33%,7.39794,0.3066165800000002,0.3548141643635581
CN1C(=O)[C@@](c2ccc(OC(F)F)cc2)(c2cccc(/C=C/CCF)c2)N=C1N,67%,7.39794,0.6876407000000004,0.7047617767616562
CN1C(=O)[C@@](c2ccc(OC(F)F)cc2)(c2cccc(/C=C/CCO)c2)N=C1N,0%,7.30103,0.17859364000000025,0.2160748365177031
CN1C(=O)[C@@](c2ccc(OC(F)F)cc2)(c2cccc(/C=C/CCO)c2)N=C1N,33%,7.30103,0.20921153999999992,0.26608196923123895
CN1C(=O)[C@@](c2ccc(OC(F)F)cc2)(c2cccc(/C=C/CCO)c2)N=C1N,67%,7.30103,0.5817031399999998,0.6037464440836217
CN1C(=O)[C@@](c2ccc(OC(F)F)cc2)(c2cccc(C#CCCCCF)c2)N=C1N,0%,7.39794,0.49286397999999976,0.5410384272312769
CN1C(=O)[C@@](c2ccc(OC(F)F)cc2)(c2cccc(C#CCCCCF)c2)N=C1N,33%,7.39794,0.24400100000000008,0.3173418715420266
CN1C(=O)[C@@](c2ccc(OC(F)F)cc2)(c2cccc(C#CCCCCF)c2)N=C1N,67%,7.39794,0.3475204800000002,0.3664915900009059
CN1C(=O)[C@@](c2ccc(OC(F)F)cc2)(c2cccc(C#CCCCCO)c2)N=C1N,0%,8.0,0.2263951999999998,0.3367258057172095
CN1C(=O)[C@@](c2ccc(OC(F)F)cc2)(c2cccc(C#CCCCCO)c2)N=C1N,33%,8.0,0.8277328,0.8736670735071732
CN1C(=O)[C@@](c2ccc(OC(F)F)cc2)(c2cccc(C#CCCCCO)c2)N=C1N,67%,8.0,0.9299396999999997,0.9413336018200187
CN1C(=O)[C@@](c2ccc(OC(F)F)cc2)(c2cccc(C#CCCF)c2)N=C1N,0%,8.0,0.14512109999999973,0.22201787025689157
CN1C(=O)[C@@](c2ccc(OC(F)F)cc2)(c2cccc(C#CCCF)c2)N=C1N,33%,8.0,0.8503846599999999,0.8925619251232566
CN1C(=O)[C@@](c2ccc(OC(F)F)cc2)(c2cccc(C#CCCF)c2)N=C1N,67%,8.0,0.9598678999999997,0.9692416551901025
CN1C(=O)[C@@](c2ccc(OC(F)F)cc2)(c2cccc(C#CCCO)c2)N=C1N,0%,8.0,0.1792253200000001,0.3292094800450619
CN1C(=O)[C@@](c2ccc(OC(F)F)cc2)(c2cccc(C#CCCO)c2)N=C1N,33%,8.0,0.89643102,0.933666278976919
CN1C(=O)[C@@](c2ccc(OC(F)F)cc2)(c2cccc(C#CCCO)c2)N=C1N,67%,8.0,0.9449840399999998,0.9609587239333329
CN1C(=O)[C@@](c2ccc(OC(F)F)cc2)(c2cccc(C#CCF)c2)N=C1N,0%,8.0,0.18020724000000019,0.23243218465235826
CN1C(=O)[C@@](c2ccc(OC(F)F)cc2)(c2cccc(C#CCF)c2)N=C1N,33%,8.0,0.9426824000000001,0.9603759372802404
CN1C(=O)[C@@](c2ccc(OC(F)F)cc2)(c2cccc(C#CCF)c2)N=C1N,67%,8.0,0.9641267800000002,0.975447711828628
CN1C(=O)[C@@](c2ccc(OC(F)F)cc2)(c2cccc(C(=O)CCCF)c2)N=C1N,0%,7.09691,0.15112956000000005,0.22358634115613593
CN1C(=O)[C@@](c2ccc(OC(F)F)cc2)(c2cccc(C(=O)CCCF)c2)N=C1N,33%,7.09691,0.1904835799999999,0.23930441683997813
CN1C(=O)[C@@](c2ccc(OC(F)F)cc2)(c2cccc(C(=O)CCCF)c2)N=C1N,67%,7.09691,0.5948136000000002,0.6273123734303638
CN1C(=O)[C@@](c2ccc(OC(F)F)cc2)(c2cccc(CCCC#N)c2)N=C1N,0%,7.30103,0.2857162599999999,0.2950671539060523
CN1C(=O)[C@@](c2ccc(OC(F)F)cc2)(c2cccc(CCCC#N)c2)N=C1N,33%,7.30103,0.3106195599999998,0.38007932153905427
CN1C(=O)[C@@](c2ccc(OC(F)F)cc2)(c2cccc(CCCC#N)c2)N=C1N,67%,7.30103,0.6025688,0.6838338417451509
CN1C(=O)[C@@](c2ccc(OC(F)F)cc2)(c2cccc(CCCC(F)(F)F)c2)N=C1N,0%,7.221849,0.1918914599999999,0.24447162430361938
CN1C(=O)[C@@](c2ccc(OC(F)F)cc2)(c2cccc(CCCC(F)(F)F)c2)N=C1N,33%,7.221849,0.5241681599999998,0.6319008190651914
CN1C(=O)[C@@](c2ccc(OC(F)F)cc2)(c2cccc(CCCC(F)(F)F)c2)N=C1N,67%,7.221849,0.5194682399999998,0.5378412316804875
CN1C(=O)[C@@](c2ccc(OC(F)F)cc2)(c2cccc(OC(F)F)c2)N=C1N,0%,6.69897,0.5658550399999998,0.5952059187066504
CN1C(=O)[C@@](c2ccc(OC(F)F)cc2)(c2cccc(OC(F)F)c2)N=C1N,33%,6.69897,0.13157986000000008,0.1495261422327815
CN1C(=O)[C@@](c2ccc(OC(F)F)cc2)(c2cccc(OC(F)F)c2)N=C1N,67%,6.69897,0.11454421999999997,0.12528682022959153
CN1C(=O)[C@@](c2ccc(OC(F)F)cc2)(c2cccc(OCC(F)F)c2)N=C1N,0%,7.5228786,0.3494663600000004,0.38344085547077567
CN1C(=O)[C@@](c2ccc(OC(F)F)cc2)(c2cccc(OCC(F)F)c2)N=C1N,33%,7.5228786,0.7687980600000003,0.7757581556509802
CN1C(=O)[C@@](c2ccc(OC(F)F)cc2)(c2cccc(OCC(F)F)c2)N=C1N,67%,7.5228786,0.8605323600000003,0.8650238419794107
CN1C(=O)[C@@](c2ccc(OC(F)F)cc2)(c2cccc(OCCC(F)(F)F)c2)N=C1N,0%,6.69897,0.32644893999999985,0.3595434026939861
CN1C(=O)[C@@](c2ccc(OC(F)F)cc2)(c2cccc(OCCC(F)(F)F)c2)N=C1N,33%,6.69897,0.2676969400000001,0.31048935373556696
CN1C(=O)[C@@](c2ccc(OC(F)F)cc2)(c2cccc(OCCC(F)(F)F)c2)N=C1N,67%,6.69897,0.2097684000000001,0.23311340201188774
CN1C(=O)[C@@](c2ccc(OC(F)F)cc2)(c2cccc(OCCC(F)F)c2)N=C1N,0%,8.0,0.8471310000000001,0.8563599886724625
CN1C(=O)[C@@](c2ccc(OC(F)F)cc2)(c2cccc(OCCC(F)F)c2)N=C1N,33%,8.0,1.34234022,1.355890693452835
CN1C(=O)[C@@](c2ccc(OC(F)F)cc2)(c2cccc(OCCC(F)F)c2)N=C1N,67%,8.0,1.49929904,1.5000181256227498
CN1C(=O)[C@@](c2ccc(OC(F)F)cc2)(c2cccc(OCCC=C(F)F)c2)N=C1N,0%,7.5228786,0.4073791600000002,0.4316591232981647
CN1C(=O)[C@@](c2ccc(OC(F)F)cc2)(c2cccc(OCCC=C(F)F)c2)N=C1N,33%,7.5228786,0.8344296400000003,0.8486186513814509
CN1C(=O)[C@@](c2ccc(OC(F)F)cc2)(c2cccc(OCCC=C(F)F)c2)N=C1N,67%,7.5228786,0.9120626600000005,0.9180580921483275
CN1C(=O)[C@@](c2ccc(OC(F)F)cc2)(c2cccc([C@H](F)CCCF)c2)N=C1N,0%,7.09691,0.21664435999999992,0.2950730716359322
CN1C(=O)[C@@](c2ccc(OC(F)F)cc2)(c2cccc([C@H](F)CCCF)c2)N=C1N,33%,7.09691,0.24233246000000025,0.2891596746442666
CN1C(=O)[C@@](c2ccc(OC(F)F)cc2)(c2cccc([C@H](F)CCCF)c2)N=C1N,67%,7.09691,0.4901639200000002,0.5158891461852363
CN1C(=O)[C@](c2ccccc2)(c2ccc(OC(F)(F)F)cc2)N=C1N,0%,5.8477116,0.3833272599999999,0.4599589054178753
CN1C(=O)[C@](c2ccccc2)(c2ccc(OC(F)(F)F)cc2)N=C1N,33%,5.8477116,0.2782655199999997,0.3180049949836887
CN1C(=O)[C@](c2ccccc2)(c2ccc(OC(F)(F)F)cc2)N=C1N,67%,5.8477116,0.3855490399999999,0.487550886802143
CN1C(=O)[C@](c2ccccc2)(c2ccc(OC(F)F)cc2)N=C1N,0%,6.7695513,0.30391794,0.3367626521747001
CN1C(=O)[C@](c2ccccc2)(c2ccc(OC(F)F)cc2)N=C1N,33%,6.7695513,0.4980362999999999,0.5152078027489818
CN1C(=O)[C@](c2ccccc2)(c2ccc(OC(F)F)cc2)N=C1N,67%,6.7695513,0.46070627999999997,0.5248310988278876
CN1C(=O)[C@](c2ccccc2)(c2ccc(OCCF)cc2)N=C1N,0%,5.9065785,0.7675872599999998,0.8412599533029903
CN1C(=O)[C@](c2ccccc2)(c2ccc(OCCF)cc2)N=C1N,33%,5.9065785,0.33952472,0.3425794873871464
CN1C(=O)[C@](c2ccccc2)(c2ccc(OCCF)cc2)N=C1N,67%,5.9065785,0.3725175599999998,0.4154854092354722
CO/N=C(/C)c1cc(C(=O)NC(Cc2cc(F)cc(F)c2)[C@@H](O)CNCc2cccc(OC)c2)cc(N2CCCCS2(=O)=O)c1,0%,7.2839966,0.17295022000000007,0.22239124505751126
CO/N=C(/C)c1cc(C(=O)NC(Cc2cc(F)cc(F)c2)[C@@H](O)CNCc2cccc(OC)c2)cc(N2CCCCS2(=O)=O)c1,33%,7.2839966,0.36547798,0.43959878642230343
CO/N=C(/C)c1cc(C(=O)NC(Cc2cc(F)cc(F)c2)[C@@H](O)CNCc2cccc(OC)c2)cc(N2CCCCS2(=O)=O)c1,67%,7.2839966,0.42402717999999984,0.46662748100415813
COC(=O)NC1CCC(NCC(O)C(Cc2cc(F)cc(F)c2)NC(C)=O)(c2cccc(C(C)(C)C)c2)CC1,0%,6.6197886,0.21113588000000033,0.22668411889862095
COC(=O)NC1CCC(NCC(O)C(Cc2cc(F)cc(F)c2)NC(C)=O)(c2cccc(C(C)(C)C)c2)CC1,33%,6.6197886,0.28006074000000003,0.36364095243267913
COC(=O)NC1CCC(NCC(O)C(Cc2cc(F)cc(F)c2)NC(C)=O)(c2cccc(C(C)(C)C)c2)CC1,67%,6.6197886,0.17848629999999996,0.23527125912112998
COC(CNc1ccc(F)cc1)CC(O)C(COc1cc(F)cc(F)c1)NC(=O)c1cc(C(=O)NC(C)c2ccccc2)cc(N(C)S(C)(=O)=O)c1,0%,5.823909,0.2686900200000002,0.3165664383560361
COC(CNc1ccc(F)cc1)CC(O)C(COc1cc(F)cc(F)c1)NC(=O)c1cc(C(=O)NC(C)c2ccccc2)cc(N(C)S(C)(=O)=O)c1,33%,5.823909,0.41202278000000003,0.5358571617822813
COC(CNc1ccc(F)cc1)CC(O)C(COc1cc(F)cc(F)c1)NC(=O)c1cc(C(=O)NC(C)c2ccccc2)cc(N(C)S(C)(=O)=O)c1,67%,5.823909,0.18652973999999975,0.2299981083838256
COC(CNc1ccccc1)CC(O)C(COc1cc(F)cc(F)c1)NC(=O)c1cc(C(=O)NC(C)c2ccccc2)cc(N(C)S(C)(=O)=O)c1,0%,5.823909,0.26260179999999983,0.32590672385801406
COC(CNc1ccccc1)CC(O)C(COc1cc(F)cc(F)c1)NC(=O)c1cc(C(=O)NC(C)c2ccccc2)cc(N(C)S(C)(=O)=O)c1,33%,5.823909,0.34044825999999995,0.3980915949893064
COC(CNc1ccccc1)CC(O)C(COc1cc(F)cc(F)c1)NC(=O)c1cc(C(=O)NC(C)c2ccccc2)cc(N(C)S(C)(=O)=O)c1,67%,5.823909,0.19002167999999992,0.22743542302453232
COC/C=C/c1cccc([C@@]2(c3ccc(OC(F)F)cc3)N=C(N)N(C)C2=O)c1,0%,7.69897,0.4778190800000003,0.4981830179360074
COC/C=C/c1cccc([C@@]2(c3ccc(OC(F)F)cc3)N=C(N)N(C)C2=O)c1,33%,7.69897,0.7894622200000002,0.8088903011632235
COC/C=C/c1cccc([C@@]2(c3ccc(OC(F)F)cc3)N=C(N)N(C)C2=O)c1,67%,7.69897,1.04481132,1.05615620724383
COC1CCC(NCC(O)C(Cc2cc(F)cc(F)c2)NC(C)=O)(c2cccc(C(C)(C)C)c2)CC1,0%,6.853872,0.44965676000000004,0.45973635439225824
COC1CCC(NCC(O)C(Cc2cc(F)cc(F)c2)NC(C)=O)(c2cccc(C(C)(C)C)c2)CC1,33%,6.853872,0.40566530000000023,0.44996041661845126
COC1CCC(NCC(O)C(Cc2cc(F)cc(F)c2)NC(C)=O)(c2cccc(C(C)(C)C)c2)CC1,67%,6.853872,0.38367041999999996,0.47326198992711216
COCC#Cc1cc([C@@]2(c3ccc(OC(F)F)c(C)c3)N=C(N)N(C)C2=O)ccc1F,0%,7.8860564,0.13052092,0.1360512552182302
COCC#Cc1cc([C@@]2(c3ccc(OC(F)F)c(C)c3)N=C(N)N(C)C2=O)ccc1F,33%,7.8860564,0.5161314600000002,0.5453265305401583
COCC#Cc1cc([C@@]2(c3ccc(OC(F)F)c(C)c3)N=C(N)N(C)C2=O)ccc1F,67%,7.8860564,0.7126213200000002,0.7240289163817729
COCC#Cc1cc([C@@]2(c3ccc(OC(F)F)cc3)N=C(N)N(C)C2=O)ccc1F,0%,7.920819,0.1911129999999998,0.19544247752267144
COCC#Cc1cc([C@@]2(c3ccc(OC(F)F)cc3)N=C(N)N(C)C2=O)ccc1F,33%,7.920819,0.7634185599999999,0.8180178489392416
COCC#Cc1cc([C@@]2(c3ccc(OC(F)F)cc3)N=C(N)N(C)C2=O)ccc1F,67%,7.920819,0.8507823800000001,0.866259437904501
COCC#Cc1cccc([C@@]2(c3ccc(OC(F)F)cc3)N=C(N)N(C)C2=O)c1,0%,7.69897,0.13504622000000008,0.18615784617587855
COCC#Cc1cccc([C@@]2(c3ccc(OC(F)F)cc3)N=C(N)N(C)C2=O)c1,33%,7.69897,0.74103198,0.7732923547618985
COCC#Cc1cccc([C@@]2(c3ccc(OC(F)F)cc3)N=C(N)N(C)C2=O)c1,67%,7.69897,0.7639058200000003,0.78913295676321
COCC#Cc1cccc([C@@]2(c3ccc(OC(F)F)cc3)N=C(N)N3CC(F)(F)CN=C32)c1,0%,7.11,0.5901322999999994,0.6185465575571892
COCC#Cc1cccc([C@@]2(c3ccc(OC(F)F)cc3)N=C(N)N3CC(F)(F)CN=C32)c1,33%,7.11,0.27178682000000015,0.37950700012414795
COCC#Cc1cccc([C@@]2(c3ccc(OC(F)F)cc3)N=C(N)N3CC(F)(F)CN=C32)c1,67%,7.11,0.40901574000000007,0.45034598655457114
COCC/C=C/c1cccc([C@@]2(c3ccc(OC(F)F)cc3)N=C(N)N(C)C2=O)c1,0%,7.69897,0.41489454000000003,0.4694258794160905
COCC/C=C/c1cccc([C@@]2(c3ccc(OC(F)F)cc3)N=C(N)N(C)C2=O)c1,33%,7.69897,0.7945611199999998,0.827889229225275
COCC/C=C/c1cccc([C@@]2(c3ccc(OC(F)F)cc3)N=C(N)N(C)C2=O)c1,67%,7.69897,1.0573081199999999,1.0697769207571548
COCC1CCN(C(CCc2ccccc2)C(=O)NC(Cc2cc(F)cc(F)c2)C(O)CNCc2cccc(OC)c2)C1=O,0%,7.49485,0.5480322199999994,0.5756675626335407
COCC1CCN(C(CCc2ccccc2)C(=O)NC(Cc2cc(F)cc(F)c2)C(O)CNCc2cccc(OC)c2)C1=O,33%,7.49485,0.52171854,0.5891887694846278
COCC1CCN(C(CCc2ccccc2)C(=O)NC(Cc2cc(F)cc(F)c2)C(O)CNCc2cccc(OC)c2)C1=O,67%,7.49485,0.5867690799999996,0.6723052282353242
COCCC#Cc1cccc(C2(c3ccc(OC(F)F)cc3)N=C(N)N3CC(F)(F)CN=C32)c1,0%,7.25,0.9265283999999999,0.9652905549041698
COCCC#Cc1cccc(C2(c3ccc(OC(F)F)cc3)N=C(N)N3CC(F)(F)CN=C32)c1,33%,7.25,0.32928386000000015,0.38505228928311824
COCCC#Cc1cccc(C2(c3ccc(OC(F)F)cc3)N=C(N)N3CC(F)(F)CN=C32)c1,67%,7.25,0.4385609399999998,0.5109536520649381
COCCC#Cc1cccc([C@@]2(c3ccc(OC(F)F)cc3)N=C(N)N(C)C2=O)c1,0%,7.69897,0.2424864199999998,0.25873719846601473
COCCC#Cc1cccc([C@@]2(c3ccc(OC(F)F)cc3)N=C(N)N(C)C2=O)c1,33%,7.69897,0.7324696800000003,0.7892989532984498
COCCC#Cc1cccc([C@@]2(c3ccc(OC(F)F)cc3)N=C(N)N(C)C2=O)c1,67%,7.69897,0.7554643999999999,0.7598100838218692
COCCC/C=C/c1cccc([C@@]2(c3ccc(OC(F)F)cc3)N=C(N)N(C)C2=O)c1,0%,7.30103,0.18680347999999986,0.21095283225193237
COCCC/C=C/c1cccc([C@@]2(c3ccc(OC(F)F)cc3)N=C(N)N(C)C2=O)c1,33%,7.30103,0.32845891999999977,0.3851104643796528
COCCC/C=C/c1cccc([C@@]2(c3ccc(OC(F)F)cc3)N=C(N)N(C)C2=O)c1,67%,7.30103,0.6820748200000001,0.6959335413436272
COCCN(C)C(=O)n1cc(C(=O)NC(Cc2cc(F)cc(F)c2)C(O)CNCc2cccc(OC)c2)c2cccnc21,0%,7.1366773,0.9468546199999996,0.9976611071441753
COCCN(C)C(=O)n1cc(C(=O)NC(Cc2cc(F)cc(F)c2)C(O)CNCc2cccc(OC)c2)c2cccnc21,33%,7.1366773,0.6692761799999996,0.7316763028474336
COCCN(C)C(=O)n1cc(C(=O)NC(Cc2cc(F)cc(F)c2)C(O)CNCc2cccc(OC)c2)c2cccnc21,67%,7.1366773,0.7912820599999998,0.8963019133010336
COC[C@H]1CCCCN1C(=O)n1cc(C(=O)N[C@@H](Cc2cc(F)cc(F)c2)[C@H](O)CNCc2cccc(OC)c2)c2cccnc21,0%,7.5228786,0.4873554799999999,0.5157509454014834
COC[C@H]1CCCCN1C(=O)n1cc(C(=O)N[C@@H](Cc2cc(F)cc(F)c2)[C@H](O)CNCc2cccc(OC)c2)c2cccnc21,33%,7.5228786,0.40928589999999987,0.44211781433223196
COC[C@H]1CCCCN1C(=O)n1cc(C(=O)N[C@@H](Cc2cc(F)cc(F)c2)[C@H](O)CNCc2cccc(OC)c2)c2cccnc21,67%,7.5228786,0.3021667600000001,0.3220136988357794
CONC1CCC(NCC(O)C(Cc2cc(F)cc(F)c2)NC(C)=O)(c2cccc(C(C)(C)C)c2)CC1,0%,7.0,0.31221814000000003,0.314418511084284
CONC1CCC(NCC(O)C(Cc2cc(F)cc(F)c2)NC(C)=O)(c2cccc(C(C)(C)C)c2)CC1,33%,7.0,0.3714909799999999,0.4276443554469554
CONC1CCC(NCC(O)C(Cc2cc(F)cc(F)c2)NC(C)=O)(c2cccc(C(C)(C)C)c2)CC1,67%,7.0,0.5001031999999999,0.5316595338613499
COc1cc(C(C)(C)C)cc(C2(NCC(O)C(Cc3cc(F)cc(F)c3)NC(C)=O)CCCCC2)c1,0%,7.113509,0.7234001399999995,0.7640126395067304
COc1cc(C(C)(C)C)cc(C2(NCC(O)C(Cc3cc(F)cc(F)c3)NC(C)=O)CCCCC2)c1,33%,7.113509,0.5799534999999996,0.674711617891414
COc1cc(C(C)(C)C)cc(C2(NCC(O)C(Cc3cc(F)cc(F)c3)NC(C)=O)CCCCC2)c1,67%,7.113509,0.6478601999999997,0.6923970353867148
COc1ccc(C2(C34CC5CC(CC(C5)C3)C4)N=C(N)N(C)C2=O)cc1,0%,7.154902,0.9021122399999999,0.984609262894468
COc1ccc(C2(C34CC5CC(CC(C5)C3)C4)N=C(N)N(C)C2=O)cc1,33%,7.154902,1.2050459399999998,1.2183550326139987
COc1ccc(C2(C34CC5CC(CC(C5)C3)C4)N=C(N)N(C)C2=O)cc1,67%,7.154902,1.0795306399999998,1.095405254289182
COc1ccc(C2(C34CC5CC(CC(C5)C3)C4)N=C(N)N(C)C2=O)cc1OC,0%,6.5686364,0.5244960799999999,0.6132045524626671
COc1ccc(C2(C34CC5CC(CC(C5)C3)C4)N=C(N)N(C)C2=O)cc1OC,33%,6.5686364,0.52502066,0.5521899363034444
COc1ccc(C2(C34CC5CC(CC(C5)C3)C4)N=C(N)N(C)C2=O)cc1OC,67%,6.5686364,0.3239489599999999,0.3828186553537431
COc1ccc(C2(c3cccc(-c4cncnc4)c3)N=C(N)n3nc(C)cc32)cc1,0%,6.49485,0.3096139000000001,0.3526866664255881
COc1ccc(C2(c3cccc(-c4cncnc4)c3)N=C(N)n3nc(C)cc32)cc1,33%,6.49485,0.27541824000000015,0.3323564686351507
COc1ccc(C2(c3cccc(-c4cncnc4)c3)N=C(N)n3nc(C)cc32)cc1,67%,6.49485,0.23756135999999994,0.29479539486630363
COc1ccc(C2(c3cccc(Br)c3)N=C(N)N3CC(F)(F)CN=C32)cc1,0%,5.47,1.3215173600000003,1.3492792754139333
COc1ccc(C2(c3cccc(Br)c3)N=C(N)N3CC(F)(F)CN=C32)cc1,33%,5.47,1.0675874600000002,1.1733983326993587
COc1ccc(C2(c3cccc(Br)c3)N=C(N)N3CC(F)(F)CN=C32)cc1,67%,5.47,1.2375528400000004,1.2981914081984
COc1ccc(C2(c3ccccc3)N=C(N)N(C)C2=O)cc1,0%,5.5086384,1.0372981800000003,1.0600217219179873
COc1ccc(C2(c3ccccc3)N=C(N)N(C)C2=O)cc1,33%,5.5086384,0.5852104000000002,0.6051823200696037
COc1ccc(C2(c3ccccc3)N=C(N)N(C)C2=O)cc1,67%,5.5086384,0.7122457600000003,0.7478928552146894
COc1ccc(F)c(-c2ccc3c(c2)C2(COC(N)=N2)c2cc(OC)ccc2O3)c1,0%,6.1307683,0.19332682000000007,0.21798130002109375
COc1ccc(F)c(-c2ccc3c(c2)C2(COC(N)=N2)c2cc(OC)ccc2O3)c1,33%,6.1307683,0.13274176000000004,0.18786187604867569
COc1ccc(F)c(-c2ccc3c(c2)C2(COC(N)=N2)c2cc(OC)ccc2O3)c1,67%,6.1307683,0.2058887399999998,0.2596863048936658
COc1ccc(N(c2cccc(C(=O)NC(Cc3ccccc3)C(O)CNC(C)C(=O)NC3CCCCC3)c2)S(C)(=O)=O)cc1,0%,7.958607,0.65857026,0.6839392276165551
COc1ccc(N(c2cccc(C(=O)NC(Cc3ccccc3)C(O)CNC(C)C(=O)NC3CCCCC3)c2)S(C)(=O)=O)cc1,33%,7.958607,1.0237764399999998,1.056240332176042
COc1ccc(N(c2cccc(C(=O)NC(Cc3ccccc3)C(O)CNC(C)C(=O)NC3CCCCC3)c2)S(C)(=O)=O)cc1,67%,7.958607,1.2250127199999998,1.2273394768332808
COc1ccc2c(c1)C1(COC(N)=N1)c1cc(-c3cc(Cl)c(C)cc3F)ccc1O2,0%,5.493495,1.2539845199999997,1.2828967225817156
COc1ccc2c(c1)C1(COC(N)=N1)c1cc(-c3cc(Cl)c(C)cc3F)ccc1O2,33%,5.493495,1.0184880399999998,1.0618075719600364
COc1ccc2c(c1)C1(COC(N)=N1)c1cc(-c3cc(Cl)c(C)cc3F)ccc1O2,67%,5.493495,0.8637493199999998,0.9434540388787721
COc1ccc2c(c1)C1(COC(N)=N1)c1cc(-c3ccc(C)cc3)ccc1O2,0%,5.74958,0.54197056,0.6229542995176581
COc1ccc2c(c1)C1(COC(N)=N1)c1cc(-c3ccc(C)cc3)ccc1O2,33%,5.74958,0.38291172000000007,0.42102600343274765
COc1ccc2c(c1)C1(COC(N)=N1)c1cc(-c3ccc(C)cc3)ccc1O2,67%,5.74958,0.2260614200000001,0.25011117766704083
COc1ccc2c(c1)C1(COC(N)=N1)c1cc(-c3ccc(Cl)cc3)ccc1O2,0%,5.6946487,0.7150116799999999,0.7560609891530709
COc1ccc2c(c1)C1(COC(N)=N1)c1cc(-c3ccc(Cl)cc3)ccc1O2,33%,5.6946487,0.4035667799999999,0.49051686533795136
COc1ccc2c(c1)C1(COC(N)=N1)c1cc(-c3ccc(Cl)cc3)ccc1O2,67%,5.6946487,0.28448969999999996,0.39124038926819643
COc1ccc2c(c1)C1(COC(N)=N1)c1cc(-c3ccc(Cl)cc3F)ccc1O2,0%,5.806875,0.8232904000000001,0.8409953801186426
COc1ccc2c(c1)C1(COC(N)=N1)c1cc(-c3ccc(Cl)cc3F)ccc1O2,33%,5.806875,0.6452895800000003,0.6588352553352517
COc1ccc2c(c1)C1(COC(N)=N1)c1cc(-c3ccc(Cl)cc3F)ccc1O2,67%,5.806875,0.39988922000000005,0.48162656101788454
COc1ccc2c(c1)C1(COC(N)=N1)c1cc(-c3ccc(OC(F)(F)F)cc3)ccc1O2,0%,5.2958493,1.3067555199999996,1.3454680345160068
COc1ccc2c(c1)C1(COC(N)=N1)c1cc(-c3ccc(OC(F)(F)F)cc3)ccc1O2,33%,5.2958493,1.2506459599999995,1.2845267602263268
COc1ccc2c(c1)C1(COC(N)=N1)c1cc(-c3ccc(OC(F)(F)F)cc3)ccc1O2,67%,5.2958493,0.8918731599999996,0.9376625379789081
COc1ccc2c(c1)C1(COC(N)=N1)c1cc(-c3cccc(C)c3)ccc1O2,0%,5.7772837,0.5122434800000001,0.6194380146254539
COc1ccc2c(c1)C1(COC(N)=N1)c1cc(-c3cccc(C)c3)ccc1O2,33%,5.7772837,0.41280348000000017,0.45969082945523737
COc1ccc2c(c1)C1(COC(N)=N1)c1cc(-c3cccc(C)c3)ccc1O2,67%,5.7772837,0.1615471600000001,0.23114810701689947
COc1ccc2c(c1)C1(COC(N)=N1)c1cc(-c3cccc(Cl)c3)ccc1O2,0%,6.8860564,0.4804178200000003,0.5248963942569717
COc1ccc2c(c1)C1(COC(N)=N1)c1cc(-c3cccc(Cl)c3)ccc1O2,33%,6.8860564,0.6486859200000001,0.6992058056754622
COc1ccc2c(c1)C1(COC(N)=N1)c1cc(-c3cccc(Cl)c3)ccc1O2,67%,6.8860564,0.9315093800000002,0.9783829454732919
COc1ccc2c(c1)C1(COC(N)=N1)c1cc(-c3cccc(Cl)c3F)ccc1O2,0%,5.931814,0.9072098999999998,0.9639931196767567
COc1ccc2c(c1)C1(COC(N)=N1)c1cc(-c3cccc(Cl)c3F)ccc1O2,33%,5.931814,0.5635138199999998,0.581872109039464
COc1ccc2c(c1)C1(COC(N)=N1)c1cc(-c3cccc(Cl)c3F)ccc1O2,67%,5.931814,0.3738258799999999,0.45275307004979193
COc1ccc2c(c1)C1(COC(N)=N1)c1cc(-c3cccc(OC(F)(F)F)c3)ccc1O2,0%,5.559091,1.0379430200000006,1.0817747993137032
COc1ccc2c(c1)C1(COC(N)=N1)c1cc(-c3cccc(OC(F)(F)F)c3)ccc1O2,33%,5.559091,0.9992070400000006,1.0388390568948884
COc1ccc2c(c1)C1(COC(N)=N1)c1cc(-c3cccc(OC(F)(F)F)c3)ccc1O2,67%,5.559091,0.6387366200000004,0.7124283445817711
COc1ccc2c(c1)C1(COC(N)=N1)c1cc(-c3cccc(OC)c3F)ccc1O2,0%,6.0457573,0.34128436000000006,0.3946141893701443
COc1ccc2c(c1)C1(COC(N)=N1)c1cc(-c3cccc(OC)c3F)ccc1O2,33%,6.0457573,0.24875165999999993,0.3633299981578977
COc1ccc2c(c1)C1(COC(N)=N1)c1cc(-c3cccc(OC)c3F)ccc1O2,67%,6.0457573,0.29030597999999996,0.3249698810141242
COc1ccc2c(c1)C1(COC(N)=N1)c1cc(-c3ccccc3)ccc1O2,0%,5.928118,0.19695857999999972,0.2247277153145067
COc1ccc2c(c1)C1(COC(N)=N1)c1cc(-c3ccccc3)ccc1O2,33%,5.928118,0.21679074000000026,0.27513025803012287
COc1ccc2c(c1)C1(COC(N)=N1)c1cc(-c3ccccc3)ccc1O2,67%,5.928118,0.28868342000000047,0.3640307068643556
COc1ccc2c(c1)C1(COC(N)=N1)c1cc(-c3ccccc3C)ccc1O2,0%,5.1536627,1.5028890000000001,1.5345065621481353
COc1ccc2c(c1)C1(COC(N)=N1)c1cc(-c3ccccc3C)ccc1O2,33%,5.1536627,1.4477926200000002,1.4783633586513494
COc1ccc2c(c1)C1(COC(N)=N1)c1cc(-c3ccccc3C)ccc1O2,67%,5.1536627,1.08293798,1.1148569243847204
COc1ccc2c(c1)C1(COC(N)=N1)c1cc(-c3ccccc3Cl)ccc1O2,0%,5.31158,0.9937033999999999,1.025673267709652
COc1ccc2c(c1)C1(COC(N)=N1)c1cc(-c3ccccc3Cl)ccc1O2,33%,5.31158,0.9549333599999998,0.9856894905361564
COc1ccc2c(c1)C1(COC(N)=N1)c1cc(-c3ccccc3Cl)ccc1O2,67%,5.31158,0.8313258799999999,0.889577867225634
COc1cccc(-c2cccc(C3(C)N=C(C)C(N)=N3)c2)c1,0%,5.455932,0.6572998199999998,0.7065467859144005
COc1cccc(-c2cccc(C3(C)N=C(C)C(N)=N3)c2)c1,33%,5.455932,0.23939201999999984,0.26838264533556927
COc1cccc(-c2cccc(C3(C)N=C(C)C(N)=N3)c2)c1,67%,5.455932,0.3774607600000001,0.4533101817897191
COc1cccc(C2(c3ccccc3)N=C(N)N(C)C2=O)c1,0%,5.4596705,1.1027192000000003,1.1269505964673752
COc1cccc(C2(c3ccccc3)N=C(N)N(C)C2=O)c1,33%,5.4596705,0.6709205600000002,0.688218990210471
COc1cccc(C2(c3ccccc3)N=C(N)N(C)C2=O)c1,67%,5.4596705,0.8320536000000004,0.85460607474295
COc1cccc(CNCC(O)C(Cc2cc(F)cc(F)c2)NC(=O)C(CCc2ccccc2)N2CCC(C(C)C)C2=O)c1,0%,7.1249385,0.21660172000000005,0.2614862668715893
COc1cccc(CNCC(O)C(Cc2cc(F)cc(F)c2)NC(=O)C(CCc2ccccc2)N2CCC(C(C)C)C2=O)c1,33%,7.1249385,0.30357866,0.31903546911211916
COc1cccc(CNCC(O)C(Cc2cc(F)cc(F)c2)NC(=O)C(CCc2ccccc2)N2CCC(C(C)C)C2=O)c1,67%,7.1249385,0.23055923999999983,0.3076460384328716
COc1cccc(CNCC(O)C(Cc2cc(F)cc(F)c2)NC(=O)C(CCc2ccccc2)N2CCC(CC(C)C)C2=O)c1,0%,7.69897,0.26154490000000036,0.32033307669518335
COc1cccc(CNCC(O)C(Cc2cc(F)cc(F)c2)NC(=O)C(CCc2ccccc2)N2CCC(CC(C)C)C2=O)c1,33%,7.69897,0.35095793999999997,0.4292066950468246
COc1cccc(CNCC(O)C(Cc2cc(F)cc(F)c2)NC(=O)C(CCc2ccccc2)N2CCC(CC(C)C)C2=O)c1,67%,7.69897,0.6394404400000002,0.734073669592708
COc1cccc(CNCC(O)C(Cc2cc(F)cc(F)c2)NC(=O)c2cccc(N3CCCCS3(=O)=O)c2)c1,0%,7.1307683,0.23911485999999993,0.2740351278886596
COc1cccc(CNCC(O)C(Cc2cc(F)cc(F)c2)NC(=O)c2cccc(N3CCCCS3(=O)=O)c2)c1,33%,7.1307683,0.3869117799999998,0.45044281692027227
COc1cccc(CNCC(O)C(Cc2cc(F)cc(F)c2)NC(=O)c2cccc(N3CCCCS3(=O)=O)c2)c1,67%,7.1307683,0.27713729999999953,0.3477048238791026
COc1cccc(CNCC(O)C(Cc2cc(F)cc(F)c2)NC(=O)c2cn(C(=O)N(C)CCC(C)C)c3ncccc23)c1,0%,7.552842,0.8265958800000002,0.909416664775389
COc1cccc(CNCC(O)C(Cc2cc(F)cc(F)c2)NC(=O)c2cn(C(=O)N(C)CCC(C)C)c3ncccc23)c1,33%,7.552842,0.6206329200000003,0.7051113789712065
COc1cccc(CNCC(O)C(Cc2cc(F)cc(F)c2)NC(=O)c2cn(C(=O)N(C)CCC(C)C)c3ncccc23)c1,67%,7.552842,0.97628594,1.0784681015433781
COc1cccc(N(c2cccc(C(=O)NC(Cc3ccccc3)C(O)CNC(C)C(=O)NC3CCCCC3)c2)S(C)(=O)=O)c1,0%,7.7447276,0.5004568800000001,0.531123781782635
COc1cccc(N(c2cccc(C(=O)NC(Cc3ccccc3)C(O)CNC(C)C(=O)NC3CCCCC3)c2)S(C)(=O)=O)c1,33%,7.7447276,0.82092922,0.891640403486281
COc1cccc(N(c2cccc(C(=O)NC(Cc3ccccc3)C(O)CNC(C)C(=O)NC3CCCCC3)c2)S(C)(=O)=O)c1,67%,7.7447276,1.0722776600000001,1.0736250952038475
COc1cccc([C@@]2(c3ccccc3)N=C(N)N3CCCN=C32)c1,0%,4.692504,1.2248594200000005,1.287832826849092
COc1cccc([C@@]2(c3ccccc3)N=C(N)N3CCCN=C32)c1,33%,4.692504,1.1087018800000004,1.1284179265751377
COc1cccc([C@@]2(c3ccccc3)N=C(N)N3CCCN=C32)c1,67%,4.692504,1.2829832000000005,1.325707799566104
COc1ccccc1N(c1cccc(C(=O)NC(Cc2ccccc2)C(O)CNC(C)C(=O)NC2CCCCC2)c1)S(C)(=O)=O,0%,6.8996296,0.22824863999999997,0.24936371463896667
COc1ccccc1N(c1cccc(C(=O)NC(Cc2ccccc2)C(O)CNC(C)C(=O)NC2CCCCC2)c1)S(C)(=O)=O,33%,6.8996296,0.32594157999999995,0.35822627722972245
COc1ccccc1N(c1cccc(C(=O)NC(Cc2ccccc2)C(O)CNC(C)C(=O)NC2CCCCC2)c1)S(C)(=O)=O,67%,6.8996296,0.26866018,0.2880241461950264
COc1cncc(-c2cccc(C3(c4ccsc4)N=C(N)N(C)C3=O)c2)c1,0%,7.39794,0.1772181999999999,0.21049481696294553
COc1cncc(-c2cccc(C3(c4ccsc4)N=C(N)N(C)C3=O)c2)c1,33%,7.39794,0.47260252,0.5271775362461417
COc1cncc(-c2cccc(C3(c4ccsc4)N=C(N)N(C)C3=O)c2)c1,67%,7.39794,0.6899528800000002,0.7033413292059698
CSC1CCC(NCC(O)C(Cc2cc(F)cc(F)c2)NC(C)=O)(c2cccc(C(C)(C)C)c2)CC1,0%,7.6197886,0.3104091399999998,0.40731556173915795
CSC1CCC(NCC(O)C(Cc2cc(F)cc(F)c2)NC(C)=O)(c2cccc(C(C)(C)C)c2)CC1,33%,7.6197886,0.5148895999999995,0.5569358034143463
CSC1CCC(NCC(O)C(Cc2cc(F)cc(F)c2)NC(C)=O)(c2cccc(C(C)(C)C)c2)CC1,67%,7.6197886,0.9331454399999997,0.97055731170339
C[C@@H](O)C#Cc1cccc([C@@]2(c3ccc(OC(F)F)cc3)N=C(N)N(C)C2=O)c1,0%,7.69897,0.13134506000000012,0.16559157505977798
C[C@@H](O)C#Cc1cccc([C@@]2(c3ccc(OC(F)F)cc3)N=C(N)N(C)C2=O)c1,33%,7.69897,0.4625691000000002,0.5083897340836556
C[C@@H](O)C#Cc1cccc([C@@]2(c3ccc(OC(F)F)cc3)N=C(N)N(C)C2=O)c1,67%,7.69897,0.7156102200000001,0.7745119212922073
Cc1cc([C@]2(c3ccc(F)c(C#CCF)c3)N=C(N)N(C)C2=O)ccc1OC(F)F,0%,7.69897,0.23773691999999969,0.26728742723815463
Cc1cc([C@]2(c3ccc(F)c(C#CCF)c3)N=C(N)N(C)C2=O)ccc1OC(F)F,33%,7.69897,0.36175446000000006,0.39560786124425035
Cc1cc([C@]2(c3ccc(F)c(C#CCF)c3)N=C(N)N(C)C2=O)ccc1OC(F)F,67%,7.69897,0.57997768,0.6574735785839734
Cc1cc([C@]2(c3ccc(F)c(OCC(F)F)c3)N=C(N)N(C)C2=O)ccc1OC(F)F,0%,7.154902,0.23997527999999999,0.31176591541288795
Cc1cc([C@]2(c3ccc(F)c(OCC(F)F)c3)N=C(N)N(C)C2=O)ccc1OC(F)F,33%,7.154902,0.26364284,0.3032289309814023
Cc1cc([C@]2(c3ccc(F)c(OCC(F)F)c3)N=C(N)N(C)C2=O)ccc1OC(F)F,67%,7.154902,0.33277283999999996,0.37005517691048717
Cc1cc([C@]2(c3ccccc3)N=C(N)N(C)C2=O)ccc1OC(F)F,0%,7.09691,0.2703161999999999,0.2827969877848419
Cc1cc([C@]2(c3ccccc3)N=C(N)N(C)C2=O)ccc1OC(F)F,33%,7.09691,0.3483975400000002,0.4479690637645619
Cc1cc([C@]2(c3ccccc3)N=C(N)N(C)C2=O)ccc1OC(F)F,67%,7.09691,0.5658412400000004,0.6049528183733178
Cc1ccc(-c2ccc(C3CC3c3cc(=O)n(C)c(N)n3)cc2)s1,0%,3.782516,0.32293809999999984,0.4382439106360771
Cc1ccc(-c2ccc(C3CC3c3cc(=O)n(C)c(N)n3)cc2)s1,33%,3.782516,0.6152965799999996,0.6446027684475778
Cc1ccc(-c2ccc(C3CC3c3cc(=O)n(C)c(N)n3)cc2)s1,67%,3.782516,0.8617601199999999,1.0306773889824126
Cc1csc(-c2ccc(C3CC3c3cc(=O)n(C)c(N)n3)cc2)c1,0%,4.294992,0.1800153199999996,0.21320949001372308
Cc1csc(-c2ccc(C3CC3c3cc(=O)n(C)c(N)n3)cc2)c1,33%,4.294992,0.11510638000000029,0.12831237448261218
Cc1csc(-c2ccc(C3CC3c3cc(=O)n(C)c(N)n3)cc2)c1,67%,4.294992,0.5511856000000002,0.6135357450926328
Cn1c(N)nc(C2CC2c2ccc(-c3cccs3)cc2)cc1=O,0%,4.850781,0.6542658399999997,0.7207960317474753
Cn1c(N)nc(C2CC2c2ccc(-c3cccs3)cc2)cc1=O,33%,4.850781,0.5382536599999996,0.5486279633013338
Cn1c(N)nc(C2CC2c2ccc(-c3cccs3)cc2)cc1=O,67%,4.850781,0.49753248,0.5879721716920112
NC1=NC(c2ccc(OC(F)F)cc2)(c2cccc(C#COCCCF)c2)C2=NCC(F)(F)CN12,0%,7.23,0.4831986599999995,0.5260021549448267
NC1=NC(c2ccc(OC(F)F)cc2)(c2cccc(C#COCCCF)c2)C2=NCC(F)(F)CN12,33%,7.23,0.33385551999999963,0.4202833387302566
NC1=NC(c2ccc(OC(F)F)cc2)(c2cccc(C#COCCCF)c2)C2=NCC(F)(F)CN12,67%,7.23,0.3520781399999997,0.4471944127049373
NC1=NC(c2ccccc2)(c2cccc(C(F)(F)F)c2)C2=NCCCN12,0%,4.659556,1.8924541199999996,1.9083954339917362
NC1=NC(c2ccccc2)(c2cccc(C(F)(F)F)c2)C2=NCCCN12,33%,4.659556,1.8420085399999997,1.8619603467412773
NC1=NC(c2ccccc2)(c2cccc(C(F)(F)F)c2)C2=NCCCN12,67%,4.659556,1.9203034199999998,1.9491072531523168
NC1=NC(c2ccccc2)(c2ccccc2)C2=NCCCN12,0%,4.4202166,1.3710518400000002,1.394658117811377
NC1=NC(c2ccccc2)(c2ccccc2)C2=NCCCN12,33%,4.4202166,1.4072564400000003,1.4171661559309596
NC1=NC(c2ccccc2)(c2ccccc2)C2=NCCCN12,67%,4.4202166,1.5429904,1.5799445888295451
NC1=N[C@](c2ccc(OC(F)(F)F)cc2)(c2cccc(Br)c2)C2=NCCCN12,0%,5.5850267,0.8677377199999997,0.9086959008519426
NC1=N[C@](c2ccc(OC(F)(F)F)cc2)(c2cccc(Br)c2)C2=NCCCN12,33%,5.5850267,0.5070240399999999,0.62986000033925
NC1=N[C@](c2ccc(OC(F)(F)F)cc2)(c2cccc(Br)c2)C2=NCCCN12,67%,5.5850267,0.5150407399999999,0.5662154698479491
Nc1nc2cc(Cl)ccc2n1CCCC(=O)NCc1cccc(F)c1,0%,3.6038005,0.24239667999999978,0.29732999639896385
Nc1nc2cc(Cl)ccc2n1CCCC(=O)NCc1cccc(F)c1,33%,3.6038005,0.3089107799999999,0.42039666003021237
Nc1nc2cc(Cl)ccc2n1CCCC(=O)NCc1cccc(F)c1,67%,3.6038005,0.22930342,0.3195607400049418
